tileid,parenttile_id,resourceinstance_id,social image caption,social image description,social activity image,sortorder,provisionaledits,nodegroup_id
fc7fb5cb-efaf-44a9-9430-502e630088ea,5532206f-97e4-4121-b0d0-e45801fd6475,06a4360c-e5ec-11e9-b125-0242ac130002,"<p>Dupat Capāḥ, devotees attending the annual feast, view from E; photo by Alina Maharjan; 2016-04-07; courtesy of Alina Maharjan; free access &ndash; no reuse; source: Alina <a href=""https://www.zotero.org/groups/2247442/nhdp-bibliography/search/alina/titleCreatorYear/items/RR4D39XW/item-list"" target=""_blank""><strong>Maharjan</strong></a>, <em>Yala Dupāḥtvāḥyā Sanāḥ Guthi</em>, 2016, 49</p>
",,/files/uploadedfiles/LAL4076_P_20160407_01.jpg,0,,fb0a44e2-b8f7-11e9-b8a9-0242ac120007
bac57070-bc65-44ec-9470-c5f942d5f7ec,5532206f-97e4-4121-b0d0-e45801fd6475,06a4360c-e5ec-11e9-b125-0242ac130002,"<p>Dupat Capāḥ, preparing annual feast, view from E; photo by Alina Maharjan; 2016-08-04; courtesy of Alina Maharjan; source: Alina <a href=""https://www.zotero.org/groups/2247442/nhdp-bibliography/search/alina/titleCreatorYear/items/RR4D39XW/item-list"" target=""_blank""><strong>Maharjan</strong></a>, <em>Yala Dupāḥtvāḥyā Sanāḥ Guthi</em>, 2016, 48</p>
",,/files/uploadedfiles/LAL4076_P_20160804_02.jpg,0,,fb0a44e2-b8f7-11e9-b8a9-0242ac120007
bca3dab1-4f53-4368-938d-9fc430c3c9e8,5532206f-97e4-4121-b0d0-e45801fd6475,06a4360c-e5ec-11e9-b125-0242ac130002,"<p>Dupat Capāḥ, devotees attending the annual feast, view from E ; photo by Alina Maharjan; 2016-08-08; courtesy of Alina Maharjan; free access &ndash; no reuse</p>
",,/files/uploadedfiles/LAL4076_P_20160808_01.jpg,0,,fb0a44e2-b8f7-11e9-b8a9-0242ac120007
8a704062-51d7-42df-b42f-f59973a28243,5532206f-97e4-4121-b0d0-e45801fd6475,06a4360c-e5ec-11e9-b125-0242ac130002,"<p>Dupat Capāḥ,&nbsp;annual feast; photo by Alina Maharjan; 2016-08-04; courtesy of Alina Maharjan; free access &ndash; no reuse; source: Alina <a href=""https://www.zotero.org/groups/2247442/nhdp-bibliography/search/alina/titleCreatorYear/items/RR4D39XW/item-list"" target=""_blank""><strong>Maharjan</strong></a>, <em>Yala Dupāḥtvāḥyā Sanāḥ Guthi</em>, 2016, 49</p>
",,/files/uploadedfiles/LAL4076_P_20160804_01.jpg,0,,fb0a44e2-b8f7-11e9-b8a9-0242ac120007
b19fa27d-2627-44b7-9bb1-b53ac96d1620,5532206f-97e4-4121-b0d0-e45801fd6475,06a4360c-e5ec-11e9-b125-0242ac130002,"<p>Dupat Capāḥ, performing ritual, view from E; photo by Alina Maharjan; 2016-08-04; courtesy of Alina Maharjan; free access &ndash; no reuse; source: Alina <a href=""https://www.zotero.org/groups/2247442/nhdp-bibliography/search/alina/titleCreatorYear/items/RR4D39XW/item-list"" target=""_blank""><strong>Maharjan</strong></a>, <em>Yala Dupāḥtvāḥyā Sanāḥ Guthi</em>, 2016, 47</p>
",,/files/uploadedfiles/LAL4076_P_20160804_03.jpg,0,,fb0a44e2-b8f7-11e9-b8a9-0242ac120007
1e8372dc-57fa-48cb-b5fc-5af34c1500ee,7b6dbc10-80c0-4f61-8743-ab0fec5806f0,0d6f474f-c0fe-456c-8b09-c85c8f15ed9f,"<p>Tamkaḥdyaḥ Phalcā, photo exhibition, view from E; photo by Rabindra Tāmrākāra; 2013-09-14</p>
",,/files/uploadedfiles/LAL4313_H_20130914_01 Tāmrākāra.jpg,0,,fb0a44e2-b8f7-11e9-b8a9-0242ac120007
8b0f5da8-b249-43ff-9402-1dc30d3db731,77a949f6-c34c-440f-90ed-9039a12d995b,0d6f474f-c0fe-456c-8b09-c85c8f15ed9f,"<p>Tamkaḥdyaḥ Phalcā, preparation of <em>samaybaji</em> (ritual food), view from E; photo by Rabindra Tāmrākāra; 2014-08-07</p>
",,/files/uploadedfiles/LAL4313_H_20140807_01 Tāmrākāra.jpg,0,,fb0a44e2-b8f7-11e9-b8a9-0242ac120007
1894200b-d502-4bc3-b30b-451448f0864b,77a949f6-c34c-440f-90ed-9039a12d995b,0d6f474f-c0fe-456c-8b09-c85c8f15ed9f,"<p>Tamkaḥdyaḥ Phalcā, preparation of <em>samaybaji</em> (ritual food), view from E; photo by Rabindra Tāmrākāra; 2014-08-07</p>
","<p>The textile banner announces the performance of sacred chanting (kirtan and bhajana)</p>
",/files/uploadedfiles/LAL4313_H_20140807_03 Tāmrākāra.jpg,0,,fb0a44e2-b8f7-11e9-b8a9-0242ac120007
17e670a2-a2d4-472e-8c67-1ae5a9360cc1,77a949f6-c34c-440f-90ed-9039a12d995b,0d6f474f-c0fe-456c-8b09-c85c8f15ed9f,"<p>Tamkaḥdyaḥ Phalcā, preparation of <em>samaybaji</em> (ritual food), view from E; photo by Rabindra Tāmrākāra; 2014-08-07</p>
",,/files/uploadedfiles/LAL4313_H_20140807_02 Tāmrākāra.jpg,0,,fb0a44e2-b8f7-11e9-b8a9-0242ac120007
63bc86ce-f6f6-45be-bee9-cf377f5e1b00,7b6dbc10-80c0-4f61-8743-ab0fec5806f0,0d6f474f-c0fe-456c-8b09-c85c8f15ed9f,"<p>Tamkaḥdyaḥ Phalcā, photo exhibition, view from SE; photo by Rabindra Tāmrākāra; 2013-09-14</p>
",,/files/uploadedfiles/LAL4313_H_20130914_02 Tāmrākāra.jpg,0,,fb0a44e2-b8f7-11e9-b8a9-0242ac120007
83ab362e-f2f8-4268-a75b-8666ac598d05,b6fd0a4d-2b41-4337-9989-ec3af378a1da,1165bb2e-eb1e-11e9-8bc4-0242ac130002,"<p>Laganakhela Phalcā, Kumarī seated in the central bay of the Phalcā, view from E (June 2019)</p>
",,/files/uploadedfiles/LAL4300_P_20190515_06.jpg,0,,fb0a44e2-b8f7-11e9-b8a9-0242ac120007
ce46c6f6-60ce-4f21-9ede-5cceabd123d8,5ae132d7-2844-44b2-bdb0-4e57d5962243,1176053e-eb54-11e9-8bc4-0242ac130002,"<p>Bhindyaḥlāchi Phalcā, close-up of the donor&acute;s wife&#39;s statue (photo by Nutan Sharma, April 2018)</p>
",,/files/uploadedfiles/LAL4135_P_20180426_05.jpg,0,,fb0a44e2-b8f7-11e9-b8a9-0242ac120007
4ad3ff1e-78ac-4bbf-aabb-cb69c7371be0,5ae132d7-2844-44b2-bdb0-4e57d5962243,1176053e-eb54-11e9-8bc4-0242ac130002,"<p>Bhindyaḥlāchi Phalcā,&nbsp;statues of donor and his wife on the top of ritual lamps, view from&nbsp;SE (photo by Nutan Sharma, April 2018)</p>
",,/files/uploadedfiles/LAL4135_P_20180326_03.jpg,0,,fb0a44e2-b8f7-11e9-b8a9-0242ac120007
a9e49d75-a432-430e-9dfa-b8f92d94ab3b,5ae132d7-2844-44b2-bdb0-4e57d5962243,1176053e-eb54-11e9-8bc4-0242ac130002,"<p>Bhindyaḥlāchi Phalcā, oil lamps at donor family worship, view from SE (photo by Nutan Sharma, April 2018)</p>
",,/files/uploadedfiles/LAL4135_P_20180426_04.jpg,0,,fb0a44e2-b8f7-11e9-b8a9-0242ac120007
55ff7d8b-0368-4b86-abf8-3439bcada425,5ae132d7-2844-44b2-bdb0-4e57d5962243,1176053e-eb54-11e9-8bc4-0242ac130002,"<p>Bhindyaḥlāchi Phalcā, lights for worshipping the donor family (photo by Nutan Sharma, October 2018)</p>

<p>The lights for worshipping the two donors and their three sons are displayed during the ritual in the Phalcā.&nbsp;When not in use, they are stored in someone&#39;s home.&nbsp;</p>
",,/files/uploadedfiles/LAL4135_P_2018_02.jpg,0,,fb0a44e2-b8f7-11e9-b8a9-0242ac120007
bcb32cb5-ec66-473f-87bb-640a35d64501,97ba851b-45b3-4402-9b8d-04cbc6380ffe,12c555ec-ea9c-11e9-8bc4-0242ac130002,"<p>Dhaḥmā Phalcā, view from SW; photo by Christiane Brosius, 2015-11-25</p>
","<p>Private ritual opposite on ritual platform</p>
",/files/uploadedfiles/LAL4306_P_20151125.JPG,0,,fb0a44e2-b8f7-11e9-b8a9-0242ac120007
06502c63-bd99-4742-8c35-8acac4b9875b,97ba851b-45b3-4402-9b8d-04cbc6380ffe,12c555ec-ea9c-11e9-8bc4-0242ac130002,"<p>Dhaḥmā Phalcā, devotees and ritual performances during the chariot&#39;s stop&nbsp;at the Phalcā (photos by Christiane Brosius, September 2015).</p>
","<p>Normally the procession takes place in the months preceeding the monsoon rains, from April until&nbsp;May. However, when the&nbsp;2015 earthquakes struck&nbsp;the chariot stopped en route between Bungamati and Patan, and the procession came to a halt. To avoid any bad luck that might be incurred by this, the procession was continued in September. These photos show some of the&nbsp;festivities that took place at this time.&nbsp;</p>
",/files/uploadedfiles/LAL4306_P_20150900_01.jpg,0,,fb0a44e2-b8f7-11e9-b8a9-0242ac120007
0c9e455c-0065-443b-8c0e-335f917861ca,97ba851b-45b3-4402-9b8d-04cbc6380ffe,12c555ec-ea9c-11e9-8bc4-0242ac130002,"<p>Dhaḥmā Phalcā, devotees and ritual performances during the chariot&#39;s stop&nbsp;at the Phalcā (photos by Christiane Brosius, September 2015).</p>
","<p>Normally the procession takes place in the months preceeding the monsoon rains, from April until&nbsp;May. However, when the&nbsp;2015 earthquakes struck&nbsp;the chariot stopped en route between Bungamati and Patan, and the procession came to a halt. To avoid any bad luck that might be incurred by this, the procession was continued in September. These photos show some of the&nbsp;festivities that took place at this time.&nbsp;</p>
",/files/uploadedfiles/LAL4306_P_20150900_03.jpg,0,,fb0a44e2-b8f7-11e9-b8a9-0242ac120007
3dab68b2-3bcd-475e-87d7-9a241362b709,97ba851b-45b3-4402-9b8d-04cbc6380ffe,12c555ec-ea9c-11e9-8bc4-0242ac130002,"<p>Dhaḥmā Phalcā, view from SW; photo by Christiane Brosius, 2015-11-25</p>
",,/files/uploadedfiles/LAL4306_P_20151125.JPG,0,,fb0a44e2-b8f7-11e9-b8a9-0242ac120007
d1a24371-0325-409c-8788-9f7d0d1ad379,97ba851b-45b3-4402-9b8d-04cbc6380ffe,12c555ec-ea9c-11e9-8bc4-0242ac130002,"<p>Dhaḥmā Phalcā, devotees and ritual performances during the chariot&#39;s stop&nbsp;at the Phalcā (photos by Christiane Brosius, September 2015).</p>
","<p>Normally the procession takes place in the months preceeding the monsoon rains, from April until&nbsp;May. However, when the&nbsp;2015 earthquakes struck&nbsp;the chariot stopped en route between Bungamati and Patan, and the procession came to a halt. To avoid any bad luck that might be incurred by this, the procession was continued in September. These photos show some of the&nbsp;festivities that took place at this time.&nbsp;</p>
",/files/uploadedfiles/LAL4306_P_20150900_05.jpg,0,,fb0a44e2-b8f7-11e9-b8a9-0242ac120007
1e57e9f5-15ee-4373-bd7b-5c7176ff186c,97ba851b-45b3-4402-9b8d-04cbc6380ffe,12c555ec-ea9c-11e9-8bc4-0242ac130002,"<p>Dhaḥmā Phalcā, view from W; photo by Christiane Brosius, 2015-11-25</p>
",,/files/uploadedfiles/LAL4306_P_20150925.JPG,0,,fb0a44e2-b8f7-11e9-b8a9-0242ac120007
8239aed4-f778-4e71-aa6a-1fb62a9b0882,97ba851b-45b3-4402-9b8d-04cbc6380ffe,12c555ec-ea9c-11e9-8bc4-0242ac130002,"<p>Dhaḥmā Phalcā, devotees and ritual performances during the chariot&#39;s stop&nbsp;at the Phalcā (photos by Christiane Brosius, September 2015).</p>

<p>&nbsp;</p>
","<p>Normally the procession takes place in the months preceeding the monsoon rains, from April until&nbsp;May. However, when the&nbsp;2015 earthquakes struck&nbsp;the chariot stopped en route between Bungamati and Patan, and the procession came to a halt. To avoid any bad luck that might be incurred by this, the procession was continued in September. These photos show some of the&nbsp;festivities that took place at this time.&nbsp;</p>
",/files/uploadedfiles/LAL4306_P_20150900_04.jpg,0,,fb0a44e2-b8f7-11e9-b8a9-0242ac120007
93c95087-0129-46ea-8e2d-b367bd93d55e,800f84fc-1c59-49fd-8919-371621e70b85,154297b7-c1ca-4eca-813e-774c28a7f805,"<p>Vajra Gaṇeśa, a devotee worshipping Gaṇeśa, view from S; photo by Dharmendra Maharjan; 2020;&nbsp;courtesy of Dharmendra Maharjan; Free access &ndash; no reuse</p>
",,/files/uploadedfiles/BAL0004_P_2020_04.jpg,0,,fb0a44e2-b8f7-11e9-b8a9-0242ac120007
3fc6f0d2-6c02-4efe-97a2-17c05e7a0778,ac10c7f2-4a3a-4961-8575-513f4c5f3027,178fd214-e67d-11e9-8bc4-0242ac130002,"<p>Si Bāhāḥ, devotees performing morning <em>bhajana</em>, view from S</p>
",,/files/uploadedfiles/LAL0690_P_20190717_11.jpg,0,,fb0a44e2-b8f7-11e9-b8a9-0242ac120007
fe78c6bf-9fd9-476f-a7f6-4ee5ca9f06ff,3d57af2e-4ead-4337-a5a6-1d7154285360,1914bb16-0362-11ea-a389-0242ac130002,"<p>Pukhu Phalcā, Indrajātrā&nbsp;festival (photo by Christiane Brosius, October 2018)</p>

<p>Extensive festitivites were held on this occasion in 2018. These were akin to&nbsp;a fair (<em>melā</em>) and open to&nbsp;families and outside visitors.</p>
",,/files/uploadedfiles/LAL4219_P_201810_CB.jpg,0,,fb0a44e2-b8f7-11e9-b8a9-0242ac120007
524083b8-fcf3-4051-abe1-ab173f684134,a82708a1-cc5c-4dd1-b176-a6fb0228b7c6,1a0a8ea8-eff1-11e9-a3c8-0242ac130002,"<p>Dhvākhā Phalcā, devotees&nbsp;performing&nbsp;<em>bhajana</em>, view from S (December&nbsp;2019)</p>
",,/files/uploadedfiles/BUN4006_P_20191211_02.JPG,0,,fb0a44e2-b8f7-11e9-b8a9-0242ac120007
5cf24aa7-5040-4c24-bbad-6e96337951ec,087c0256-cbc4-4426-baaf-4e658932d37b,1a0a8ea8-eff1-11e9-a3c8-0242ac130002,"<p>Dhvākhā Phalcā, lighting oil lamps during Kārtika Purṇimā, view from S (photo by Christiane Brosius, November 2019)&nbsp;</p>
",,/files/uploadedfiles/BUN4006_P_20191112_01.jpg,0,,fb0a44e2-b8f7-11e9-b8a9-0242ac120007
7612212f-58be-44e5-af85-de4caf281c07,523dca04-143d-4426-9374-8ff39b6b7593,1a0a8ea8-eff1-11e9-a3c8-0242ac130002,"<p>Dhvākhā Phalcā, devotees&nbsp;performing <em>bhajana </em>on full moon day of Kārttika, view from W&nbsp;(photo by Christiane Brosius, November&nbsp;2019)&nbsp;</p>
",,/files/uploadedfiles/BUN4006_P_20191118_01.jpg,0,,fb0a44e2-b8f7-11e9-b8a9-0242ac120007
d531f3c4-dd5d-44a3-9290-a861735c2f26,523dca04-143d-4426-9374-8ff39b6b7593,1a0a8ea8-eff1-11e9-a3c8-0242ac130002,"<p>Dhvākhā Phalcā, devotees&nbsp;performing&nbsp;<em>bhajana&nbsp;</em>on full moon day of Kārttika, view from S&nbsp;(photo by Christiane Brosius, November&nbsp;2019)&nbsp;</p>
",,/files/uploadedfiles/BUN4006_P_20191118_02.jpg,0,,fb0a44e2-b8f7-11e9-b8a9-0242ac120007
2eb877e3-1408-48ca-8e4d-954a3ad8ca70,a82708a1-cc5c-4dd1-b176-a6fb0228b7c6,1a0a8ea8-eff1-11e9-a3c8-0242ac130002,"<p>Dhvākhā Phalcā, the Kumāri of Buṅgamatī seated inside the Phalcā, view from S&nbsp;(December&nbsp;2019)&nbsp;</p>
",,/files/uploadedfiles/BUN4006_P_20191211_01.JPG,0,,fb0a44e2-b8f7-11e9-b8a9-0242ac120007
c7ced5ee-4bbe-45c6-8461-fd6e077dc112,a82708a1-cc5c-4dd1-b176-a6fb0228b7c6,1a0a8ea8-eff1-11e9-a3c8-0242ac130002,"<p>Dhvākhā Phalcā, view from W (photo by Christiane Brosius, November 2019)</p>
",,/files/uploadedfiles/BUN4006_P_20191112_02.jpg,0,,fb0a44e2-b8f7-11e9-b8a9-0242ac120007
01f2f743-b500-4ba0-8f32-c3331ba63a86,c1be67c0-d8e6-4ca3-b56d-60c6845c5fe3,1c2db54a-e68f-11e9-b125-0242ac130002,"<p>Thati Buṅgadyaḥ Sataḥ, preparation of food, view from E; photo by Hrijata Dahal; 2019-06-02</p>
",,/files/uploadedfiles/LAL4106_P_20190602_02.jpg,0,,fb0a44e2-b8f7-11e9-b8a9-0242ac120007
7341d751-b4d4-4ebf-aa89-ffe128b2ff44,c1be67c0-d8e6-4ca3-b56d-60c6845c5fe3,1c2db54a-e68f-11e9-b125-0242ac130002,"<p>Thati Buṅgadyaḥ Sataḥ, clay stove to prepare food for special rituals during Buṅgadyaḥ procession, view from E; photo by Hrijata Dahal; 2019-06-02</p>
",,/files/uploadedfiles/LAL4106_P_20190602_03.jpg,0,,fb0a44e2-b8f7-11e9-b8a9-0242ac120007
c24fc2bb-6e28-415e-977f-c2d8be7a1799,c1be67c0-d8e6-4ca3-b56d-60c6845c5fe3,1c2db54a-e68f-11e9-b125-0242ac130002,"<p>Thati Buṅgadyaḥ Sataḥ, room for preparing food for the puller of the Buṅgadyaḥ chariot, view from W; photo by Hrijata Dahal; 2019-06-02</p>
",,/files/uploadedfiles/LAL4106_P_20190602_01.jpg,0,,fb0a44e2-b8f7-11e9-b8a9-0242ac120007
abd837a6-7ce5-4d96-bce8-6cd3d331c81a,c1be67c0-d8e6-4ca3-b56d-60c6845c5fe3,1c2db54a-e68f-11e9-b125-0242ac130002,"<p>Thati Buṅgadyaḥ Sataḥ, utensils to use for special rituals, view from E; photo by Hrijata Dahal; 2019-06-02</p>
",,/files/uploadedfiles/LAL4106_P_20190602_04.jpg,0,,fb0a44e2-b8f7-11e9-b8a9-0242ac120007
d81cddb5-ae35-4be3-b538-95d772eee1f7,0b696100-afa9-43e6-acf0-6843ee094004,2070b496-e729-11e9-8bc4-0242ac130002,"<p>Haugaḥ Ganedyaḥ Phalcā, Jyāpu community of Haugaḥ performs&nbsp;<em>daphā bhajana&nbsp;</em>ca. 7am, view from N (March 2018)</p>
",,/files/uploadedfiles/LAL4122_P_201803_01.jpg,0,,fb0a44e2-b8f7-11e9-b8a9-0242ac120007
08c81038-2cec-42c5-966b-eaad6d12f8c7,87f4c923-6068-4a54-b220-8e61bdeae399,2306e890-198f-11ea-b74e-0242ac130002,"<p>Manakāmanā&nbsp;Mandira,&nbsp;performing&nbsp;<em>bhajana</em>&nbsp;in the courtyard, view from N&nbsp;(November 2019)&nbsp;</p>
",,/files/uploadedfiles/BUN0006_P_20191118_02.jpg,0,,fb0a44e2-b8f7-11e9-b8a9-0242ac120007
724c822e-5303-4754-a578-719c6868145c,87f4c923-6068-4a54-b220-8e61bdeae399,2306e890-198f-11ea-b74e-0242ac130002,"<p>Manakāmanā&nbsp;Mandira,&nbsp;performing&nbsp;<em>bhajana</em>&nbsp;in the courtyard, view from N&nbsp;(November 2019)&nbsp;</p>
",,/files/uploadedfiles/BUN0006_P_20191118_03.jpg,0,,fb0a44e2-b8f7-11e9-b8a9-0242ac120007
f905f04f-302b-4f75-b81f-ebc4efc12257,7fb3df53-5a06-4a26-8c37-fa3f448e77b1,24afe176-f66a-11e9-a3c8-0242ac130002,"<p>Karuṇāmaya Mandira, devotees&nbsp;performing regular&nbsp;<em>bhajana</em>, view from N&nbsp;(December&nbsp;2019)&nbsp;</p>
",,/files/uploadedfiles/BUN4006_P_20191118_CB_1_kl.jpg,0,,fb0a44e2-b8f7-11e9-b8a9-0242ac120007
81fc260a-843e-4413-b029-a31a78c1aa31,812227ed-c622-4a7a-a6b2-d354b8defa8f,24afe176-f66a-11e9-a3c8-0242ac130002,"<p>Karuṇāmaya Mandira, lightining oil lapms during Kārtika Pūrṇimā, view from S (November 2019)&nbsp;</p>
",,/files/uploadedfiles/BUN0001_P_20191112_04.jpg,0,,fb0a44e2-b8f7-11e9-b8a9-0242ac120007
6808debb-4d96-40bf-bc1b-11f5030951d5,7fb3df53-5a06-4a26-8c37-fa3f448e77b1,24afe176-f66a-11e9-a3c8-0242ac130002,"<p>Karuṇāmaya Mandira, devotees&nbsp;performing regular&nbsp;<em>bhajana</em>, view from N&nbsp;(December&nbsp;2019)&nbsp;</p>
",,/files/uploadedfiles/BUN003_P_20191118_CB_1_kl.jpg,0,,fb0a44e2-b8f7-11e9-b8a9-0242ac120007
860af7d6-a153-430f-b1e0-337bc397648e,be481f48-bfd7-405d-ac80-6a01108bee56,24afe176-f66a-11e9-a3c8-0242ac130002,"<p>Karuṇāmaya Mandira, playing <em>kāhābājā </em>during Kārtika Purṇimā, view from E (November 2019)&nbsp;</p>
",,/files/uploadedfiles/BUN0001_P_20191112_05.jpg,0,,fb0a44e2-b8f7-11e9-b8a9-0242ac120007
c4763241-179b-49b0-b02d-2b4629b8e5ee,cee77614-5d12-479a-90b8-a8b67814eec1,24afe176-f66a-11e9-a3c8-0242ac130002,,,,0,,fb0a44e2-b8f7-11e9-b8a9-0242ac120007
fffa4fa4-9e39-4c95-9ef5-0d2d7dc94e03,be481f48-bfd7-405d-ac80-6a01108bee56,24afe176-f66a-11e9-a3c8-0242ac130002,"<p>Karuṇāmaya Mandira, playing <em>kāhābājā </em>during Kārtika Purṇimā, view from N&nbsp;(November 2019)&nbsp;</p>
",,/files/uploadedfiles/BUN0003_P_20191118_CB_2_kl.jpg,0,,fb0a44e2-b8f7-11e9-b8a9-0242ac120007
a37bff8f-7c6c-40b7-bb6d-36a0f62a89b7,8b526286-f116-4786-ad71-47870bfe8b45,24afe176-f66a-11e9-a3c8-0242ac130002,"<p>Karuṇāmaya Mandira, Punhī Guṭhī Pūjā, view from N (November 2019)&nbsp;</p>
",,,0,,fb0a44e2-b8f7-11e9-b8a9-0242ac120007
b9210b24-184e-4393-a180-e307c1866e44,7fb3df53-5a06-4a26-8c37-fa3f448e77b1,24afe176-f66a-11e9-a3c8-0242ac130002,"<p>Karuṇāmaya Mandira, devotees&nbsp;performing regular&nbsp;<em>bhajana</em>, view from SE (November 2019)&nbsp;</p>
",,/files/uploadedfiles/BUN0001_P_20191013_10.jpg,0,,fb0a44e2-b8f7-11e9-b8a9-0242ac120007
1d136c17-3785-48db-a56e-708f70a9f6c2,bedbd664-ade7-404b-868a-f76053c23905,24afe176-f66a-11e9-a3c8-0242ac130002,"<p>Karuṇāmaya Mandira, chanting hymns during Kārtika Purṇimā, view from W (November 2019)&nbsp;</p>
",,/files/uploadedfiles/BUN0001_P_20191112_01.jpg,0,,fb0a44e2-b8f7-11e9-b8a9-0242ac120007
ac15aeda-20db-40c4-9e24-ed850b81cac3,bedbd664-ade7-404b-868a-f76053c23905,24afe176-f66a-11e9-a3c8-0242ac130002,"<p>Karuṇāmaya Mandira, chanting hymns during Kārtika Purṇimā, view from S (November 2019)&nbsp;</p>
",,/files/uploadedfiles/BUN0001_P_20191112_02_FbhzMs4.jpg,0,,fb0a44e2-b8f7-11e9-b8a9-0242ac120007
fc1d3837-6755-446f-9ad4-2107e6513958,be481f48-bfd7-405d-ac80-6a01108bee56,24afe176-f66a-11e9-a3c8-0242ac130002,"<p>Karuṇāmaya Mandira, playing <em>kāhābājā </em>during Kārtika Purṇimā, view from NW&nbsp;(November 2019)</p>
",,/files/uploadedfiles/BUN0001_P_20191118_CB_2_kl.jpg,0,,fb0a44e2-b8f7-11e9-b8a9-0242ac120007
411e54a6-96d2-4f60-b6e7-2d1feaeb43e3,8b526286-f116-4786-ad71-47870bfe8b45,24afe176-f66a-11e9-a3c8-0242ac130002,"<p>Karuṇāmaya Mandira, Punhī Guṭhī Pūjā, view from N (November 2019)&nbsp;</p>
",,/files/uploadedfiles/BUN0001_P_20191112_07.jpg,0,,fb0a44e2-b8f7-11e9-b8a9-0242ac120007
810ea1b9-5063-4113-900a-82cad9254335,bedbd664-ade7-404b-868a-f76053c23905,24afe176-f66a-11e9-a3c8-0242ac130002,"<p>Karuṇāmaya Mandira, chanting hymns during Kārtika Purṇimā, view from E (November 2019)&nbsp;</p>
",,/files/uploadedfiles/BUN0001_P_20191112_03_HEG7JBU.jpg,0,,fb0a44e2-b8f7-11e9-b8a9-0242ac120007
ae76d476-dbbe-43a3-bbf3-1ecb19fc8694,c51fd2a7-7dea-48c3-a29e-f8ce0ac70189,24afe176-f66a-11e9-a3c8-0242ac130002,"<p>Karuṇāmaya Mandira, Kumāri of Buṅgamatī in front of Buṅgadyaḥ, view from N (November 2019)&nbsp;</p>
",,/files/uploadedfiles/BUN0001_P_20191112_06.jpg,0,,fb0a44e2-b8f7-11e9-b8a9-0242ac120007
7de81443-2c13-44d0-bfd7-b8c0c56b3bed,fbe99310-b449-48ec-9ffe-7cc5381c0b8f,2548d9e2-ea78-11e9-b125-0242ac130002,"<p>Lāmanaḥ Phalcā, Patis in Patan, PhotoKathmandu, where the lives of locals who use<em> phalcā</em>s was documented by means of photographs and&nbsp;interviews; photo by Christiane Brosius; 2015-11-08</p>
",,/files/uploadedfiles/LAL4138_P_20151108_01_awn823Z.jpg,0,,fb0a44e2-b8f7-11e9-b8a9-0242ac120007
6d79143e-5f46-41c3-a63d-55f3f05aed76,5a1ed5e3-4ae3-496f-b084-db93a3a125c5,25ef2d16-a10b-4081-bba3-7f4639646edb,"<p>Ārīthāy Dhvākhā Phalcā, collecting funds for different jātrās, view from S; photo by Bharat Maharjan; 2021-02-27</p>
",,/files/uploadedfiles/KIR4020_P_20211227_24.jpg,0,,fb0a44e2-b8f7-11e9-b8a9-0242ac120007
6e97b897-c044-49f8-9077-6c6200ff9208,5a1ed5e3-4ae3-496f-b084-db93a3a125c5,25ef2d16-a10b-4081-bba3-7f4639646edb,"<p>Ārīthāy Dhvākhā Phalcā, collecting funds for different jātrās, view from S; photo by Bharat Maharjan; 2011-08-18</p>
",,/files/uploadedfiles/KIR4020_P_20110818_22.JPG,0,,fb0a44e2-b8f7-11e9-b8a9-0242ac120007
9b7c423f-50e9-42ec-8c50-7d614ff014f8,5a1ed5e3-4ae3-496f-b084-db93a3a125c5,25ef2d16-a10b-4081-bba3-7f4639646edb,"<p>Ārīthāy Dhvākhā Phalcā, collecting funds for different jātrās, view from S; photo by Bharat Maharjan; 2020-10-27</p>
",,/files/uploadedfiles/KIR4020_P_20201027_23.jpg,0,,fb0a44e2-b8f7-11e9-b8a9-0242ac120007
605431ca-d313-4bec-8388-4f92bcbe106c,26c9798d-cdca-463f-9f02-3bff3b63fb94,25ef2d16-a10b-4081-bba3-7f4639646edb,"<p>Ārīthāy Dhvākhā Phalcā, offering of a cultural vessel at the manḍalā, view from S; photo by Bharat Maharjan; 2010-08-28</p>
",,/files/uploadedfiles/KIR4020_P_20100828_25.jpg,0,,fb0a44e2-b8f7-11e9-b8a9-0242ac120007
76bc3996-e760-4f0e-a805-57319781e2a1,7262a4c4-95dd-4add-abf8-4c767e1a5158,25ef2d16-a10b-4081-bba3-7f4639646edb,"<p>Ārīthāy Dhvākhā Phalcā, entrance of cultural procession, view from W; photo by Rujan Maharjan; 2020-12-24; courtesy of Rujan Maharjan; Free access &ndash; no reuse</p>
",,/files/uploadedfiles/KIR4020_P_20201224_21.JPG,0,,fb0a44e2-b8f7-11e9-b8a9-0242ac120007
de2219a7-c293-4ee6-a1df-a3ce23813698,0e21f0b9-95fa-4c7a-8f94-646df057f51e,2a0b1750-ee3e-11e9-8649-0242ac130002,"<p>Kumārī Pāṭī,&nbsp;Buṅgadyaḥ&#39;s cot in front of the Kumārī Pāṭī, view from E; photo by Christiane Brosius; 2019-12-12</p>
",,/files/uploadedfiles/BUN4001_P_20191212_02.jpg,0,,fb0a44e2-b8f7-11e9-b8a9-0242ac120007
2a269d9b-46f5-4811-9007-59b3e81b51ab,0e21f0b9-95fa-4c7a-8f94-646df057f51e,2a0b1750-ee3e-11e9-8649-0242ac130002,"<p>Kumārī Pāṭī,&nbsp;Buṅgadyaḥ&#39;s cot in front of the Kumārī Pāṭī, view from E; photo by Bharat Maharjan; 2019-12-12</p>
",,/files/uploadedfiles/BUN4001_P_20191200_01.jpg,0,,fb0a44e2-b8f7-11e9-b8a9-0242ac120007
89ef61bf-496c-4551-84df-ee6db8eb075e,a0b001fb-682b-403d-b00e-ab640bf707e0,2a0b1750-ee3e-11e9-8649-0242ac130002,"<p>Kumārī Pāṭī, invitation to attend daily <em>bhajana</em>, view from SE; photo by Matthias Arnold; 2019-10-13</p>
",,/files/uploadedfiles/BUN4001_P_20191013_19.jpg,0,,fb0a44e2-b8f7-11e9-b8a9-0242ac120007
471e652d-486d-4822-99ef-99cd1578b32b,a0b001fb-682b-403d-b00e-ab640bf707e0,2a0b1750-ee3e-11e9-8649-0242ac130002,"<p>Kumārī Pāṭī, devotees performing <em>bhajana </em>inside the&nbsp;Pāṭī, view from S; photo by Christiane Brosius; 2019-12-12</p>
",,/files/uploadedfiles/BUN4001_P_20191212_01.jpg,0,,fb0a44e2-b8f7-11e9-b8a9-0242ac120007
cfafe9d7-7ad5-47d6-a62e-8e24fa8a46fe,780b2755-0771-4e29-97f6-49beb571b2c0,2db1bbc0-f156-42ec-965c-e5cc9adc8981,,,/files/uploadedfiles/BAL4001_P_20210831-02.jpg,0,,fb0a44e2-b8f7-11e9-b8a9-0242ac120007
bd205cc9-df8c-451b-872f-cd75c870152a,86049b07-4b75-4a47-a631-d098b0688590,2db1bbc0-f156-42ec-965c-e5cc9adc8981,,,/files/uploadedfiles/BAL4001_P_20210831-01.jpg,0,,fb0a44e2-b8f7-11e9-b8a9-0242ac120007
b860fb70-fca7-4ae7-8288-abb0e7633d61,0564cf55-66d6-4cbd-9bf5-eaf3b41fd1c3,2db1bbc0-f156-42ec-965c-e5cc9adc8981,,,/files/uploadedfiles/BAL4001_P_20210830-01.jpg,0,,fb0a44e2-b8f7-11e9-b8a9-0242ac120007
25740992-d970-443a-b126-f9f3423354fd,7d0605a9-0c6d-495d-9118-fc1fd0c967ca,2db1bbc0-f156-42ec-965c-e5cc9adc8981,,,/files/uploadedfiles/BAL4001_P_20210831-03.jpg,0,,fb0a44e2-b8f7-11e9-b8a9-0242ac120007
97ab1d4f-7dcb-4fd4-9a3e-68501e46aca6,bfcaa1ae-323f-479b-9e84-3bd6c9ecce5b,33706bde-e4e7-11e9-b125-0242ac130002,"<p>Naka Bahī Phalcā 1, view from N (photo by Christiane Brosius, November 2015)</p>
",,/files/uploadedfiles/LAL4206_P_20151107_01.jpg,0,,fb0a44e2-b8f7-11e9-b8a9-0242ac120007
7b822522-65f2-4c37-a5c9-55dbdc052ed0,b59f31c7-13b4-46b2-b00e-dc1cc87a84a0,33776afc-ea72-11e9-b125-0242ac130002,"<p>Lāchi Phalcā, view from SE; photo by Christiane Brosius; 2019-12-17</p>

<p>&nbsp;</p>
","<p>Nāmasaṅgīti recitation, first day after the full moon, 7:10am</p>
",/files/uploadedfiles/LAL4014_P_20191217_CB_kl.jpg,0,,fb0a44e2-b8f7-11e9-b8a9-0242ac120007
4f8ede77-0923-4da0-93be-1ea596bcc636,217e34bd-ab20-4336-9149-dc11e2380a09,3668d45a-f899-11e9-8649-0242ac130002,"<p>Yaḥsi Beam, erected at <em>yaḥsigāḥ</em>, view from S (April 2019)</p>
",,/files/uploadedfiles/SUN0050_P_20190418_02.jpg,0,,fb0a44e2-b8f7-11e9-b8a9-0242ac120007
5f404e04-665b-451a-87b6-806d1fc8b894,217e34bd-ab20-4336-9149-dc11e2380a09,3668d45a-f899-11e9-8649-0242ac130002,"<p>Yaḥsi Beam, erected at <em>yaḥsigāḥ</em>, view from S (April 2019)</p>
",,/files/uploadedfiles/SUN0050_P_20190418_1.jpg.jpg,0,,fb0a44e2-b8f7-11e9-b8a9-0242ac120007
4b54faf3-e083-4ba9-9595-6073617b15d8,fcc3157d-34df-432c-81a0-687f3deb0399,39bb2040-e9fd-11e9-8bc4-0242ac130002,"<p>Mūla Coka, a plate with 84 kinds of food is ready to be brought to the chariot and offered to Buṅgadyaḥ.</p>
",,/files/uploadedfiles/LAL1260_P_20190605_03.jpg,0,,fb0a44e2-b8f7-11e9-b8a9-0242ac120007
47639165-7fd5-4ad8-afe6-86677f9a1f25,fcc3157d-34df-432c-81a0-687f3deb0399,39bb2040-e9fd-11e9-8bc4-0242ac130002,"<p>Mūla Coka, a plate with 84 kinds of food is ready to be brought to the chariot and offered to Buṅgadyaḥ.</p>
",,/files/uploadedfiles/LAL1260_P_20190605_02.jpg,0,,fb0a44e2-b8f7-11e9-b8a9-0242ac120007
9c934dc1-9886-4478-aefd-8bf6aab47ccb,fcc3157d-34df-432c-81a0-687f3deb0399,39bb2040-e9fd-11e9-8bc4-0242ac130002,"<p>Mūla Coka, wooden plates of 84 kinds of food are ready to be brought to the chariot and offered to Buṅgadyaḥ.</p>
",,/files/uploadedfiles/LAL1260_P_20190605_01.jpg,0,,fb0a44e2-b8f7-11e9-b8a9-0242ac120007
5aec1cf4-51c8-435a-b9fd-db95552f3ee8,7ae8b107-30f7-424a-aa28-d5518d1e68bd,3b731959-de47-4cc6-84e4-e230598019f5,"<p>Vajradhātu Caitya (Khāsti Caitya), bamboo poles erected&nbsp;on each corner of the Caitya to offer a light <em>&#39;matakalaḥ&#39;,&nbsp;</em>view from N; photo by Dharmendra Maharjan; 2019; courtesy of Dharmendra Maharjan; Free access &ndash; no reuse</p>
",,/files/uploadedfiles/BAL0005_P_2019_01.jpg,0,,fb0a44e2-b8f7-11e9-b8a9-0242ac120007
4d154222-a8c6-4850-be5c-25ca78463d62,a001429f-ad15-429d-a73b-e55002fb2571,3b731959-de47-4cc6-84e4-e230598019f5,"<p>Vajradhātu Caitya (Khāsti Caitya), a man carrying &#39;<em>gvaḥjā</em>&#39; (cooked rice) to offer to the various temple at Balambu; photo by Dharmendra Maharjan; 2019; courtesy of Dharmendra Maharjan; Free access &ndash; no reuse</p>
",,/files/uploadedfiles/BAL0005_P_2019_02.jpg,0,,fb0a44e2-b8f7-11e9-b8a9-0242ac120007
6bc380fa-4b44-444d-8e7a-56d7ee796301,be797bf9-55c8-4026-b279-17331bd8cf90,3b731959-de47-4cc6-84e4-e230598019f5,"<p>Dharmadhātu Caitya (Khāsti&nbsp;Caitya), devotees are circumambulating the Caitya with incense on their hands, view from N; photo by Dharmendra Maharjan; 2019;&nbsp;courtesy of Dharmendra Maharjan; Free access &ndash; no reuse</p>
",,/files/uploadedfiles/BAL0005_P_2019_03.jpg,0,,fb0a44e2-b8f7-11e9-b8a9-0242ac120007
ab702c38-772b-4d2d-a248-495bce2c6d29,3107aada-7753-4ef7-abb2-c35ad5643764,3f87ad30-e5d0-11e9-8bc4-0242ac130002,"<p>Nārāṃhiṭī Phalcā, <em>dāphā bhajana</em> performance on full moon of Kārtika, view from W (photo by Christiane Brosius, November 2019)</p>

<p>&nbsp;</p>
",,/files/uploadedfiles/LAL4151_P_20191112_01.jpg,0,,fb0a44e2-b8f7-11e9-b8a9-0242ac120007
eb3db995-6a7c-439c-8b19-93181f793bed,42553b10-0849-4597-ab5c-f3a51fdc3646,3f87ad30-e5d0-11e9-8bc4-0242ac130002,"<p>Nārāṃhiṭī Phalcā, <em>dāphā bhajan</em> during <em>Jhyālicā saṃkegu</em> on Indrajātrā, view from W (photo by&nbsp;Christiane Brosius, September 2015)</p>
",,/files/uploadedfiles/LAL4151_P_20150926_01.jpg,0,,fb0a44e2-b8f7-11e9-b8a9-0242ac120007
fbab30c1-ba75-4626-b36f-9bd6b085c7b0,b77b5b4f-735b-4f7e-b7b0-46f882ae268d,3f88581e-e811-11e9-b125-0242ac130002,"<p>Kumārī Pāṭī, a crowd paying homage to Kumārī, view from NE (June 2019)</p>
",,/files/uploadedfiles/LAL4301_P_20190606_17.jpg,0,,fb0a44e2-b8f7-11e9-b8a9-0242ac120007
c9a183aa-7206-4f12-a139-9a19a5544058,b77b5b4f-735b-4f7e-b7b0-46f882ae268d,3f88581e-e811-11e9-b125-0242ac130002,"<p>Kumārī Pāṭī, Kumārī being carried inside, view from NW (June 2019)</p>
",,/files/uploadedfiles/LAL4301_P_20190606_21_6PFTAuA.jpg,0,,fb0a44e2-b8f7-11e9-b8a9-0242ac120007
0131b862-fc37-4ca2-a246-7ef12635196f,b77b5b4f-735b-4f7e-b7b0-46f882ae268d,3f88581e-e811-11e9-b125-0242ac130002,"<p>Kumārī Pāṭī, Kumārī arrives at the event, view from NW (June 2019)</p>
",,/files/uploadedfiles/LAL4301_P_20190606_05.jpg,0,,fb0a44e2-b8f7-11e9-b8a9-0242ac120007
3feb3cf0-0098-4e0d-8206-aabd95005deb,b77b5b4f-735b-4f7e-b7b0-46f882ae268d,3f88581e-e811-11e9-b125-0242ac130002,"<p>Kumārī Pāṭī, a crowd paying homage to Kumārī, view from NE (May 2019)</p>
",,/files/uploadedfiles/LAL4301_P_20190606_03.JPG,0,,fb0a44e2-b8f7-11e9-b8a9-0242ac120007
2f2fcbc6-690f-45bf-84eb-ced91f0f8974,b77b5b4f-735b-4f7e-b7b0-46f882ae268d,3f88581e-e811-11e9-b125-0242ac130002,"<p>Kumārī Pāṭī, Kumārī on her throne, view from NE (June 2019)</p>
",,/files/uploadedfiles/LAL4301_P_20190606_01_PZ8qqKJ.JPG,0,,fb0a44e2-b8f7-11e9-b8a9-0242ac120007
a1a606eb-83fb-4598-80e0-8547df49696c,b77b5b4f-735b-4f7e-b7b0-46f882ae268d,3f88581e-e811-11e9-b125-0242ac130002,"<p>Kumārī Pāṭī, Kumārī sitting on her throne, aerial view from NE (June 2019)</p>
",,/files/uploadedfiles/LAL4301_P_20190606_19.jpg,0,,fb0a44e2-b8f7-11e9-b8a9-0242ac120007
d649470d-29e5-4d3f-9692-faec3b7216ca,7551cacf-9126-4e63-b6ee-c21f75f46f56,43291104-1bbd-11ea-b9b1-0242ac130002,"<p>Cābāhāḥ Phalcā, photographs of the <em>bhajana </em>instruments displayed during Photo Kathmandu Festival 2015, view from E; photo&nbsp;by Christiane Brosius;&nbsp;2015-11-04; courtesy of&nbsp;Christiane Brosius; free access &ndash; no reuse</p>
",,/files/uploadedfiles/LAL4101_P_20151104_01.jpg,0,,fb0a44e2-b8f7-11e9-b8a9-0242ac120007
cb7c8d9b-d053-4579-854a-01cc7d2e4a43,7551cacf-9126-4e63-b6ee-c21f75f46f56,43291104-1bbd-11ea-b9b1-0242ac130002,"<p>Cābāhāḥ Phalcā, bhajana instruments; photo by Sameer Tamrakar; 2015-10;&nbsp;courtesy of Sameer Tamrakar; free access &ndash; no reuse</p>
","<p>After the Cābāhāḥ Phalcā had collapsed during the earthquake, the instruments were saved from the rubble. They were thence kept in another room inside the monastery next to the Cābāhāḥ Phalcā. For the Photo Kathmandu Festival, they were placed on the leftover platform again to become memento memoria of the time before the collapse. later, the photographs of each istrument were put up at the wall of the remaining ruins, as part of the exhibition.</p>
",/files/uploadedfiles/LAL4101_P_201510_Sameer.jpg,0,,fb0a44e2-b8f7-11e9-b8a9-0242ac120007
1d697cc4-23fb-46c5-8f70-a9748a5cffa3,7551cacf-9126-4e63-b6ee-c21f75f46f56,43291104-1bbd-11ea-b9b1-0242ac130002,"<p>Cābāhāḥ Phalcā, photographs of the <em>bhajana </em>instruments displayed during Photo Kathmandu Festival 2015, view from E; photo&nbsp;by Christiane Brosius;&nbsp;2015-11-07; courtesy of&nbsp;Christiane Brosius; free access &ndash; no reuse</p>
",,/files/uploadedfiles/LAL4101_P_20151107_01.jpg,0,,fb0a44e2-b8f7-11e9-b8a9-0242ac120007
a0865f9c-1d03-497f-879e-6fccaf0f6f53,7551cacf-9126-4e63-b6ee-c21f75f46f56,43291104-1bbd-11ea-b9b1-0242ac130002,"<p>Cābāhāḥ Phalcā, bhajana performance, Photo Kathmandu Festival; photo&nbsp;by Christiane Brosius;&nbsp;2015-11-06; courtesy of&nbsp;Christiane Brosius; free access &ndash; no reuse</p>
",,/files/uploadedfiles/LAL4101_P_20151106.jpg,0,,fb0a44e2-b8f7-11e9-b8a9-0242ac120007
8f22967a-4696-4f87-8817-2e7f5596061f,7551cacf-9126-4e63-b6ee-c21f75f46f56,43291104-1bbd-11ea-b9b1-0242ac130002,"<p>Cābāhāḥ Phalcā, photographs of the <em>bhajana </em>instruments displayed during Photo Kathmandu Festival 2015, view from E; photo&nbsp;by Christiane Brosius;&nbsp;2015-11-07; courtesy of&nbsp;Christiane Brosius; free access &ndash; no reuse</p>
",,/files/uploadedfiles/LAL4101_P_20151107_02.jpg,0,,fb0a44e2-b8f7-11e9-b8a9-0242ac120007
b6d13b49-c5b2-47ae-95a2-d6e42ee0f623,7cdd2edc-a27b-4851-9632-c1a8aebbd9ce,443544db-8f01-4d16-8f90-1de79f599e98,"<p>Sarasvatī Mandira, words written during the&nbsp;Śrīpañcamī,&nbsp;view from W; photo by Rishi Amatya; 2020-09-13</p>
",,/files/uploadedfiles/LAL2010_P_20200913_09.jpg,0,,fb0a44e2-b8f7-11e9-b8a9-0242ac120007
9d60698a-2f25-4571-8fd6-54cb8e1c7c57,be83ab58-c9cc-4cd1-85a9-10dc140b1b91,4a305bd6-5eb8-11ea-b4c2-0242ac130006,"<p>Yākaḥ Phalcā, view from W; photo by Christiane Brosius; 2019-11-13</p>
","<p>Elderly lady from the vicinity, worshipping the Ganesa shrine next to the site, as she is taking a round to visit temples and shrines around her home.</p>
",/files/uploadedfiles/LAL4165_P_20191113_3.jpg,0,,fb0a44e2-b8f7-11e9-b8a9-0242ac120007
fe4d2b19-6a20-44d0-b809-53fa04712301,be83ab58-c9cc-4cd1-85a9-10dc140b1b91,4a305bd6-5eb8-11ea-b4c2-0242ac130006,"<p>Yākaḥ Phalcā, not seen on this picture, but to the right of the photographer, south of Ganesa Mandira; photo by Christiane Brosius; 2019-11-13</p>
","<p>Elderly lady from the vicinity, worshipping the Ganesa temple and shrine close to the site towards which she is seen walking.</p>
",/files/uploadedfiles/LAL4165_P_20191113_2.jpg,0,,fb0a44e2-b8f7-11e9-b8a9-0242ac120007
45b4024c-f5d9-470f-87d8-6e60eddd9c36,0bece28f-ecd5-4fa3-a824-f8878b22f0c0,4df05f74-e5e0-11e9-b125-0242ac130002,"<p>Kvalakhu Phalcā 1, view from S; photo by Christiane Brosius; 2018-03-02</p>
",,/files/uploadedfiles/LAL4185_P_20180302_02.jpg,0,,fb0a44e2-b8f7-11e9-b8a9-0242ac120007
8e0ea341-4219-41cd-adc0-77d0d57978c6,1b212d1e-50f9-4a15-9189-5122855caa17,4f116514-0102-11ea-8f3c-0242ac130002,"<p>Bhṛṅgāreśvara Mandira, the red painted metal cover kept on top of the stone trident for the festival, view from NE (photo by Nutan Sharma, 2018)</p>

<p>&nbsp;</p>

<p>&nbsp;</p>",,/files/uploadedfiles/SUN0100_P_20180328_Nutan Sharma_2_kl.jpg,0,,fb0a44e2-b8f7-11e9-b8a9-0242ac120007
c0bfc463-1fb5-4d1c-9bcf-0c7c6d965f2f,1b212d1e-50f9-4a15-9189-5122855caa17,4f116514-0102-11ea-8f3c-0242ac130002,"<p>Bhṛṅgāreśvara Mandira, decorated bull-icon and trident of the Bhŗṅgāreśvara temple with the view of the erected pole (<em>yaḥsĩ</em>) in the back, view from E (photo by Nutan Sharma, April 2018)</p>

<p>&nbsp;</p>",,/files/uploadedfiles/SUN0100_P_20180401_NutanSharma_kl.jpg,0,,fb0a44e2-b8f7-11e9-b8a9-0242ac120007
42121412-5716-4f5d-a95a-b1ec5542d172,1b212d1e-50f9-4a15-9189-5122855caa17,4f116514-0102-11ea-8f3c-0242ac130002,"<p>Bhṛṅgāreśvara Mandira, stone bull decorated for the festival, view from S (photo by Nutan Sharma, 2018)</p>",,/files/uploadedfiles/SUN0100_P_20180328_NutanSharma_kl.jpg,0,,fb0a44e2-b8f7-11e9-b8a9-0242ac120007
36684996-bc7b-41ad-b869-001a8c3a7680,cbd21ded-bdd8-40f1-bfd8-3377bbfa93c2,5277a9d6-2f86-11ea-b242-0242ac130002,"<p>Bhagavān Degaḥ, <em>Bhajana </em>chanting during the full moon day of Kārtika, view from NE (November 2019)&nbsp;</p>
",,/files/uploadedfiles/BUN0005_P_20191118_CB_5_kl.jpg,0,,fb0a44e2-b8f7-11e9-b8a9-0242ac120007
b037a68a-9bab-430e-81f3-f8d02f8d498e,2ab13561-18f1-4df8-9753-dd4a5b1e4f83,5277a9d6-2f86-11ea-b242-0242ac130002,"<p>Bhagavān Degaḥ, playing&nbsp;<em>kāhābājā&nbsp;</em>during Kārtika Purṇimā, view from NW&nbsp;(November 2019)</p>
",,/files/uploadedfiles/BUN0005_P_20191118_02.jpg,0,,fb0a44e2-b8f7-11e9-b8a9-0242ac120007
96e52a41-c008-49a4-92a2-22e083684ac5,cbd21ded-bdd8-40f1-bfd8-3377bbfa93c2,5277a9d6-2f86-11ea-b242-0242ac130002,"<p><em>Bhajana </em>chanting during the full moon day of Kārtika, view from NE (November 2019)&nbsp;</p>
",,/files/uploadedfiles/BUN0005_P_20191118_CB_1_KL.jpg,0,,fb0a44e2-b8f7-11e9-b8a9-0242ac120007
c302d2d3-4ac5-4458-8b25-eb82ced0c26e,af4ddaad-7641-4a1f-a8c2-8220b2ef49a9,55133c56-e68d-11e9-b125-0242ac130002,"<p>Calakhu Phalcā at Pim Bāhāl, stone inscription of NS 895 at the centre of the <em>phalcā&acute;s</em> rear wall, view from N; photo by Anil Basukala; coutesy of Anil Basukala; free access &ndash; no reuse; 2018-03-23</p>
",,/files/uploadedfiles/LAL4224_I_20180323.jpg,0,,fb0a44e2-b8f7-11e9-b8a9-0242ac120007
ed92d297-b38c-465b-879b-ed97b7107c59,b77c38ff-ee03-4389-b9c6-ede70911ec4c,55519f42-0202-11ea-a389-0242ac130002,"<p>Dyaḥ Sataḥ, view from SW (photo by Nutan Sharma, March 2018)</p>
",,/files/uploadedfiles/SUN4050_P_20180329_02.jpg,0,,fb0a44e2-b8f7-11e9-b8a9-0242ac120007
b90c8890-7a75-4ade-827e-c4625d6df186,b77c38ff-ee03-4389-b9c6-ede70911ec4c,55519f42-0202-11ea-a389-0242ac130002,"<p>Dyaḥ Sataḥ, view from E (photo by Nutan Sharma, March 2018)</p>
",,/files/uploadedfiles/SUN4050_P_20180329_01.jpg,0,,fb0a44e2-b8f7-11e9-b8a9-0242ac120007
c8140b0c-2978-4a75-804e-5068646dd68b,39493cb0-187e-4333-bc09-626af112f01b,55bee51e-01f5-11ea-a389-0242ac130002,"<p>Haribhajana Phalcā, Nāyamāḥ group attending Pekhaḥ Jātrā for <em>samayabaji</em>; photo by Padma S. Maharjan; 2019-04-19</p>
",,/files/uploadedfiles/SUN4070_P_201910419_02.JPG,0,,fb0a44e2-b8f7-11e9-b8a9-0242ac120007
85238534-7a96-4a76-ba03-71329ef448f0,96b1ad9f-eeea-447f-92b1-234032350f62,55bee51e-01f5-11ea-a389-0242ac130002,"<p>Haribhajana Phalcā, Members of the&nbsp;<em>bhajan</em>a group reciting hymns&nbsp;in the morning of the Lunar month of Gu͂lā; photo by Padma S. Maharjan; 2016-08-15</p>
",,/files/uploadedfiles/SUN4070_P_20160805-03.jpg,0,,fb0a44e2-b8f7-11e9-b8a9-0242ac120007
420495a5-1b73-49af-8b52-9b5318e17e2a,480870c0-de92-4c11-85df-e1eba3123ad5,55bee51e-01f5-11ea-a389-0242ac130002,"<p>Devotees queue up in front of Haribhajana Phalcā, waiting for their turn to pay homage to the Navadurgās during Mohanī (Dasaĩ) festival in 2019.</p>
",,/files/uploadedfiles/SUN4070_P_20190909_01_kl.jpg,0,,fb0a44e2-b8f7-11e9-b8a9-0242ac120007
60a9aa89-1775-4583-a254-ebb715f2fe99,480870c0-de92-4c11-85df-e1eba3123ad5,55bee51e-01f5-11ea-a389-0242ac130002,"<p>Haribhajana Phalcā, view from across the street, from W, onto the scene of the waiting devotees and seated Navadurgās during the Mohanī (Dasaĩ) festival in 2019.</p>
",,/files/uploadedfiles/SUN4070_P_20190909_02_kl.jpg,0,,fb0a44e2-b8f7-11e9-b8a9-0242ac120007
b0d9651b-dbcd-46cd-92e1-73d2dad07024,39493cb0-187e-4333-bc09-626af112f01b,55bee51e-01f5-11ea-a389-0242ac130002,"<p>Haribhajana Phalcā, Nāyamāḥ group attending Pekhaḥ Jātrā for <em>samaybaji.</em>&nbsp;The Palanquin of Bālakumarri can be seen on the left; photo by Padma S. Maharjan; 2019-04-19</p>
",,/files/uploadedfiles/SUN4070_P_20190419_01.JPG,0,,fb0a44e2-b8f7-11e9-b8a9-0242ac120007
f0c62f32-3116-407f-9ddf-1721e898dbcd,96b1ad9f-eeea-447f-92b1-234032350f62,55bee51e-01f5-11ea-a389-0242ac130002,"<p>Haribhajana Phalcā, Members of the&nbsp;<em>bhajan</em>a group reciting hymns&nbsp;in the morning of the Lunar month of Gu͂lā; photo by Padma S. Maharjan; 2019-08-15</p>
",,/files/uploadedfiles/SUN4070_P_20190815_04.JPG,0,,fb0a44e2-b8f7-11e9-b8a9-0242ac120007
a154b7c0-486a-40fe-bbf8-4ce76c7ee418,2fbf0351-a312-4225-b425-fc6318b018c5,56fa3190-ea8a-11e9-8bc4-0242ac130002,"<p>Cyāsal Hiti Phalcā, organisation of Svasthānī Vratakathā, view from S; photo by Christiane Brosius; 2019-02-19</p>
",,/files/uploadedfiles/LAL4157_P_20190219_02.jpg,0,,fb0a44e2-b8f7-11e9-b8a9-0242ac120007
96bb71ca-168f-4eac-8ab0-328cba1123d8,2fbf0351-a312-4225-b425-fc6318b018c5,56fa3190-ea8a-11e9-8bc4-0242ac130002,"<p>Cyāsal Hiti Phalcā, organisation of Svasthānī Vratakathā, view from S; photo by Christiane Brosius; 2019-02-19</p>
",,/files/uploadedfiles/LAL4157_P_20190219_01.jpg,0,,fb0a44e2-b8f7-11e9-b8a9-0242ac120007
0fc591aa-7e15-48b8-b32e-0233b5dae279,22f5819e-be3a-44a3-918e-42e23b47bcb6,5f218d0a-4412-11ea-a19a-0242ac130006,"<p>Hayagrīva Mandira,<em> bhajana</em><em> </em>reciting during the full moon day of Kārtika, view from W; photo by Bharat Maharjan; 2019-11-12</p>
",,/files/uploadedfiles/BUN0002_P_20191112.JPG,0,,fb0a44e2-b8f7-11e9-b8a9-0242ac120007
01aa6e2d-7d3b-4c1f-99cc-690c1075e0dd,22f5819e-be3a-44a3-918e-42e23b47bcb6,5f218d0a-4412-11ea-a19a-0242ac130006,"<p>Hayagrīva Mandira,<em> bhajana </em>reciting during the full moon day of Kārtika, view from W; photo by Christiane Brosius; 2019-11-18</p>
",,/files/uploadedfiles/BUN0002_P_20191118_CB_1.jpg,0,,fb0a44e2-b8f7-11e9-b8a9-0242ac120007
e7730040-bcda-4900-983a-ef81af9845ac,65bd3131-87d2-4d0a-a744-229f4cd905df,5fd9092c-0569-11ea-b2c1-0242ac130002,"<p>Śikharakūṭa Caitya, occasional ritual performance in Āśvina, view from SW (November 2019)</p>
",,/files/uploadedfiles/BUN0027_P_20191013_07.jpg,0,,fb0a44e2-b8f7-11e9-b8a9-0242ac120007
f79ffb8d-4653-4921-9d0a-0c19e5c32f93,977cfbf3-5c6f-4057-b163-d7620c816cf2,60a8a8e0-e4e8-11e9-b125-0242ac130002,"<p>Naka Bahī Phalcā 4, making sandals by hand, view from NW (September 2019)</p>
",,/files/uploadedfiles/LAL4250_P_20190912_13.jpg,0,,fb0a44e2-b8f7-11e9-b8a9-0242ac120007
e70378f1-61fd-49da-afbf-f4999b81e894,ecb6c698-e8f1-4941-8c83-a68fb4cd90d3,60a8a8e0-e4e8-11e9-b125-0242ac130002,"<p>Naka Bahī Phalcā 4, detailed view of traditional musical instruments, view from W (September 2019)</p>
",,/files/uploadedfiles/LAL4250_P_20190912_12.jpg,0,,fb0a44e2-b8f7-11e9-b8a9-0242ac120007
539ba4ce-074c-4730-b436-20bd41848a30,ecb6c698-e8f1-4941-8c83-a68fb4cd90d3,60a8a8e0-e4e8-11e9-b125-0242ac130002,"<p>Naka Bahī&nbsp;Phalcā 4, traditional musical instruments, view from NW (September 2019)</p>
",,/files/uploadedfiles/LAL4250_P_20190912_10.jpg,0,,fb0a44e2-b8f7-11e9-b8a9-0242ac120007
26bfd3e3-43b4-42f3-9e2c-ed031fca903f,ecb6c698-e8f1-4941-8c83-a68fb4cd90d3,60a8a8e0-e4e8-11e9-b125-0242ac130002,"<p>Naka Bahī&nbsp;Phalcā 4, detailed view of traditional musical instruments, view from W (September 2019)</p>
",,/files/uploadedfiles/LAL4250_P_20190912_11.jpg,0,,fb0a44e2-b8f7-11e9-b8a9-0242ac120007
cced9a22-2476-4c3d-b913-aaf701055f0b,81cd62ba-1067-4b81-b8d4-35bd63f18e39,673afbfc-e6f2-11e9-8bc4-0242ac130002,"<p>Bhindyaḥ Phalcā, leisure time with religious television serials, view from NE(September 2018)</p>
",,/files/uploadedfiles/LAL4139_P_20180927_02.jpg,0,,fb0a44e2-b8f7-11e9-b8a9-0242ac120007
b3e7cc97-511f-4d37-959c-2f03c67f38e1,75b0de54-e3fc-4d75-96b9-a9cf71d2fcfa,673afbfc-e6f2-11e9-8bc4-0242ac130002,"<p>Bhindyaḥ Phalcā, Dapha <em>bhajana</em> performance during<em> kartik purnima,</em> view from NE (November 2019)</p>

<p>&nbsp;</p>
",,/files/uploadedfiles/LAL4139_P_20191112_01.jpg,0,,fb0a44e2-b8f7-11e9-b8a9-0242ac120007
f9977b36-ca5b-4d40-b396-870718f31ad7,75b0de54-e3fc-4d75-96b9-a9cf71d2fcfa,673afbfc-e6f2-11e9-8bc4-0242ac130002,"<p>Bhindyaḥ Phalcā, Dapha<em> bhajana </em>performance during<em> kartik purnima</em>, view from SE (November 2019)</p>
",,/files/uploadedfiles/LAL4139_P_20191112_02.jpg,0,,fb0a44e2-b8f7-11e9-b8a9-0242ac120007
00086c66-cdb3-42f6-bfbe-40d8cf05e401,55ddba1d-d975-4839-828f-45afbacb490a,6a2ca05c-3aaa-11ea-b44d-0242ac130006,"<p>Matsyendranātha Mandira, feast after offering 115000 lamp (battī), view from N (January 2020)</p>
",,/files/uploadedfiles/LAL0060_P_20200125_03.jpg,0,,fb0a44e2-b8f7-11e9-b8a9-0242ac120007
7660580f-1e3c-40bf-96d8-82cbbe34bb88,15e45ee9-2d24-424c-b595-c59e4d91ff11,6a2ca05c-3aaa-11ea-b44d-0242ac130006,"<p>Matsyendranātha Mandira, offering 108 butter lamps (battī), view from E (December 2019)</p>
",,/files/uploadedfiles/LAL0060_P_20191228_46.jpg,0,,fb0a44e2-b8f7-11e9-b8a9-0242ac120007
30a913b3-8281-491d-a063-f807ae1cbf78,7c3ffae3-b57b-4cf4-be19-9f5fff6e5d1a,6d478768-e8f5-11e9-b125-0242ac130002,"<p>Umāmaheśvara Mandira, performance of the annual worship on the 8th of the bright fortnight of Āṣāḍha (July 2019)</p>
",,/files/uploadedfiles/LAL1130_20190710.jpg,0,,fb0a44e2-b8f7-11e9-b8a9-0242ac120007
b13d7a26-c00b-4b63-b31e-e6baf488235f,212cc5c7-0fc3-4ad4-a5f1-e107b86d8dfd,711b19a4-ec10-11e9-b125-0242ac130002,"<p>Bhinchẽ Bāhāḥ, priest performing daily ritual, view from W (June 2019)</p>
",,/files/uploadedfiles/LAL2060_P_20190614_09_F2lR1Pi.jpg,0,,fb0a44e2-b8f7-11e9-b8a9-0242ac120007
557cad79-2e5b-49c7-92d5-525636276e93,bf5b0bf9-ba12-4874-96ba-238bac2b9d95,790c0a2a-5e10-11ea-8083-0242ac130006,"<p>Aśoka Stūpa South, offering of butter lamps, view from NE; photo by Thomas Schrom; 2020-03-21</p>
",,/files/uploadedfiles/LAL0010_P_20200321_09.JPG,0,,fb0a44e2-b8f7-11e9-b8a9-0242ac120007
1aa82305-8862-4d8a-84ec-65b43da433b3,bf5b0bf9-ba12-4874-96ba-238bac2b9d95,790c0a2a-5e10-11ea-8083-0242ac130006,"<p>Aśoka Stūpa South, offering of butter lamps, view from NE; photo by Thomas Schrom; 2020-03-21</p>
",,/files/uploadedfiles/LAL0010_P_20200321_10.JPG,0,,fb0a44e2-b8f7-11e9-b8a9-0242ac120007
bf14cc9e-6658-4a25-a666-ed35d5442f34,e229f3e9-2053-4029-9ee9-33499f27c023,7a98de01-7e10-4dff-a67f-30e3687f11a7,"<p>Matū Ajimā Sataḥ, recitation of hymns in the ground floor room, view from NE; photo by Thomas Schrom; 2021-02-09</p>
",,/files/uploadedfiles/KAT2571_P_20210209_06.JPG,0,,fb0a44e2-b8f7-11e9-b8a9-0242ac120007
ecc6bf8c-02e6-4cc5-9d65-ab6ff8f0c01b,e229f3e9-2053-4029-9ee9-33499f27c023,7a98de01-7e10-4dff-a67f-30e3687f11a7,"<p>Matū Ajimā Sataḥ, recitation of hymns in the ground floor room, view from NE; photo by Thomas Schrom; 2021-02-09</p>
",,/files/uploadedfiles/KAT2571_P_20210209_07.JPG,0,,fb0a44e2-b8f7-11e9-b8a9-0242ac120007
b94f1381-b478-4294-80ad-ca1f3fa1fbe7,e229f3e9-2053-4029-9ee9-33499f27c023,7a98de01-7e10-4dff-a67f-30e3687f11a7,"<p>Matū Ajimā Sataḥ, recitation of hymns in the ground floor room, view from NE; photo by Thomas Schrom; 2021-02-09</p>
",,/files/uploadedfiles/KAT2571_P_20210209_08.JPG,0,,fb0a44e2-b8f7-11e9-b8a9-0242ac120007
f0ee4e6c-a3d9-4e09-83cb-81d7de5448f0,08ce837a-62a8-4a62-bfe6-7e996aeb0c7c,81f57520-f0b7-11e9-a3c8-0242ac130002,"<p>Dāphā Phalcā, <em>Dāphā bhajana</em> performance, view from W (photo by Padma Sundar Maharjan, 2016)</p>
",,/files/uploadedfiles/SUN4210_P_20160805_01.jpg,0,,fb0a44e2-b8f7-11e9-b8a9-0242ac120007
1cc97437-f8e6-48a7-9940-dfc1dd9ee790,c8c059e5-fe99-41c2-a7fe-820a999916da,81f57520-f0b7-11e9-a3c8-0242ac130002,"<p>Dāphā Phalcā, Hanumān sketches made using grains during Sakimanā Punhī, with chanters in&nbsp;the background, view from W<em> </em>(October 2019)</p>
",,/files/uploadedfiles/SUN4210_P_20191011_01.jpg,0,,fb0a44e2-b8f7-11e9-b8a9-0242ac120007
82e10a08-b728-4b0a-af87-9b7de11c7978,c8c059e5-fe99-41c2-a7fe-820a999916da,81f57520-f0b7-11e9-a3c8-0242ac130002,"<p>Dāphā Phalcā, Hanumān sketches made of grains during Sakimanā Punhī, chanting in the background, view from W<em> </em>(October 2019)</p>
",,/files/uploadedfiles/SUN4210_P_20191110_03.jpg,0,,fb0a44e2-b8f7-11e9-b8a9-0242ac120007
6af2d782-aadb-4665-85ae-f45f685fd6f7,c8c059e5-fe99-41c2-a7fe-820a999916da,81f57520-f0b7-11e9-a3c8-0242ac130002,"<p>Dāphā Phalcā, Hanumān sketches made of grains during Sakimanā Punhī, chanting takes place in the background, view from W<em> </em>(October 2019)</p>
",,/files/uploadedfiles/SUN4210_P_20191110_02.jpg,0,,fb0a44e2-b8f7-11e9-b8a9-0242ac120007
a427b008-7d51-427d-8de7-001768c46171,5f817a08-5c2a-42b6-9dfd-28efd9bf7f5e,83b26802-2953-4afc-baf7-e9ea63fd5fd6,"<p>Cilancva Caitya, reciting <em>bhajana</em> on the Phalcā, view from W; photo by Yogesh Budathoki; 2020-10-10</p>
",,/files/uploadedfiles/KIR0001_P_20201010_19.jpg,0,,fb0a44e2-b8f7-11e9-b8a9-0242ac120007
10be9069-dd71-4d96-81ff-f1413ef8d583,5f4b2e94-fb17-4289-acaf-5d8d824c5d90,8657bd6a-9d6b-11ea-9766-0242ac130005,"<p>Ganedyaḥ Sataḥ, bhajana performance; photo by Christiane Brosius; 2019-03</p>
",,/files/uploadedfiles/LAL4210_P_201903_2.jpg,0,,fb0a44e2-b8f7-11e9-b8a9-0242ac120007
baf853e4-9df8-4fca-b63b-e7fc6643a353,5f4b2e94-fb17-4289-acaf-5d8d824c5d90,8657bd6a-9d6b-11ea-9766-0242ac130005,"<p>Ganedyaḥ Sataḥ, bhajana performance; photo by Christiane Brosius; 2019-03</p>
",,/files/uploadedfiles/LAL4210_P_201903.jpg,0,,fb0a44e2-b8f7-11e9-b8a9-0242ac120007
14b0bed6-80dc-4e9c-b806-eadfa4684222,73aa543e-60f1-438c-9da3-802b04b11cec,86c994be-020a-11ea-a389-0242ac130002,"<p>Mohani astamatrika dance; 2018-10-20</p>
","<p>Fieldwork undertaken by Padma S Maharjan (2018)</p>
",/files/uploadedfiles/SUN4200_P_20181020_04.JPG,0,,fb0a44e2-b8f7-11e9-b8a9-0242ac120007
af1c5bf1-b539-433a-baf5-e0807fcec367,bd540302-8813-4286-b2c8-efb4da0f7040,86c994be-020a-11ea-a389-0242ac130002,"<p>Kvaylāchi Phalcā, Navadurgā performance for the first time since the completion of the restoration of Kvaylāchi Phalcā in 2019, view from NW; photo by Christiane Brosius; 2019-10-09</p>
",,/files/uploadedfiles/SUN4200_P_20191011_02.jpg,0,,fb0a44e2-b8f7-11e9-b8a9-0242ac120007
4a24c9d8-9862-471d-a8e5-c8e7cf7b64e2,bd540302-8813-4286-b2c8-efb4da0f7040,86c994be-020a-11ea-a389-0242ac130002,"<p>Kvaylāchi Phalcā, Navadurgā performance for the first time since the completion of the restoration of Kvaylāchi Phalcā in 2019, view from NE; photo by Christiane Brosius; 2019-10-09</p>
",,/files/uploadedfiles/SUN4200_P_20191009_01.jpg,0,,fb0a44e2-b8f7-11e9-b8a9-0242ac120007
7df96554-395a-4750-85a2-33651a3b157b,bd540302-8813-4286-b2c8-efb4da0f7040,86c994be-020a-11ea-a389-0242ac130002,"<p>Navadurgā performance, view from NE; photo by Christiane Brosius; 2019-10-09</p>
",,/files/uploadedfiles/SUN4200_P_20191011_01.jpg,0,,fb0a44e2-b8f7-11e9-b8a9-0242ac120007
57d5cc04-187b-4f96-b1ed-0e13a0fe94c4,73aa543e-60f1-438c-9da3-802b04b11cec,86c994be-020a-11ea-a389-0242ac130002,"<p>Mohani astamatrika dance; 2018-10-20</p>
","<p>Fieldwork undertaken by Padma S Maharjan (2018)</p>
",/files/uploadedfiles/SUN4200_P_20181020_01.JPG,0,,fb0a44e2-b8f7-11e9-b8a9-0242ac120007
209ac42a-174e-4bcf-b283-1f1f274e4477,bd540302-8813-4286-b2c8-efb4da0f7040,86c994be-020a-11ea-a389-0242ac130002,"<p>Navadurgā performance, view from N; photo by Christiane Brosius; 2019-10-09</p>
",,/files/uploadedfiles/SUN4200_P_20191011_03.jpg,0,,fb0a44e2-b8f7-11e9-b8a9-0242ac120007
2e5c3aa2-ebe3-46ba-9ac8-f03d2e92270d,bd540302-8813-4286-b2c8-efb4da0f7040,86c994be-020a-11ea-a389-0242ac130002,"<p>Kvaylāchi Phalcā, Navadurgā performance in front of the previous structure, view from NE (photo by Padma Sundar Maharjan, 2017)&nbsp;</p>
",,/files/uploadedfiles/SUN4200_P_2017_01.jpg,0,,fb0a44e2-b8f7-11e9-b8a9-0242ac120007
6e251994-5f20-4d3f-9af6-cffc3b719c14,bd540302-8813-4286-b2c8-efb4da0f7040,86c994be-020a-11ea-a389-0242ac130002,"<p>Kvaylāchi Phalcā, Navadurgā performance for the first time since the completion of the restoration of Kvaylāchi Phalcā in 2019, view from NE; photo by Christiane Brosius; 2019-10-09</p>
",,/files/uploadedfiles/SUN4200_P_20191009_02.jpg,0,,fb0a44e2-b8f7-11e9-b8a9-0242ac120007
157d469b-4fbd-4fe4-b16d-f41147e535e4,73aa543e-60f1-438c-9da3-802b04b11cec,86c994be-020a-11ea-a389-0242ac130002,"<p>Mohani astamatrika dance; 2018-10-20</p>
","<p>Fieldwork undertaken by Padma S. Maharjan (2018)</p>
",/files/uploadedfiles/SUN4200_P_20181020_05.JPG,0,,fb0a44e2-b8f7-11e9-b8a9-0242ac120007
4f9d0ee1-2de3-48b6-9605-c1b2b1477063,a8308ed2-7622-4845-b28f-78ef401c7fbb,88628b43-2a88-45c3-8a99-07f0d5b84cec,"<p>Kvātha Bāhāḥ, hammered nails on the upper part of the main entrance,&nbsp;view from E; photo by Yogesh Budathoki; 2020-08-08</p>
",,/files/uploadedfiles/LAL2560_P_20200808_11.jpg,0,,fb0a44e2-b8f7-11e9-b8a9-0242ac120007
74653406-8ffd-46d6-98ba-b29db6ea9bd5,91fb11da-e1b6-4c38-8717-bddcf38c60ed,8c5e73b9-f669-4839-b375-093e33198b93,"<p>Ilāy Bahī, eating <em>prasāda </em>after the Vasundharā worship, view from S; photo by Yogesh Budathoki; 2020-09-07</p>
",,/files/uploadedfiles/LAL2220_P_20200907_12.jpg,0,,fb0a44e2-b8f7-11e9-b8a9-0242ac120007
4b3c67b4-dc6e-437d-a27e-61212a1a97cd,26e43afa-8973-4d9b-aa5d-b24fe6f76b74,8f7a0db3-8133-4eb5-97b0-8b0c8703aa82,"<p>Cilancva Bāhāḥ, performance of the daily ritual, view from N; photo by Yogesh Budathoki; 2020-10-10</p>
",,/files/uploadedfiles/KIR0002_P_20201010_12.jpg,0,,fb0a44e2-b8f7-11e9-b8a9-0242ac120007
5f26c963-0350-474f-9678-05ebf01fe011,7d0a97a1-2330-487a-aaab-38cb8a05caa3,8fa97d24-02ff-11ea-a389-0242ac130002,"<p>Jagamaru Pukhū Phalcā, Indrajātrā festival, view from W (September 2018)</p>",,/files/uploadedfiles/LAL4219_P_20180926_02.jpg,0,,fb0a44e2-b8f7-11e9-b8a9-0242ac120007
affdc2e6-b76f-454e-8ce2-e4b86a80195b,7d0a97a1-2330-487a-aaab-38cb8a05caa3,8fa97d24-02ff-11ea-a389-0242ac130002,"<p>Jagamaru Pukhū Phalcā, Indrajātrā festival, view from W (September 2019)</p>

<p>&nbsp;</p>",,/files/uploadedfiles/LAL4219_P_20180926_03.jpg,0,,fb0a44e2-b8f7-11e9-b8a9-0242ac120007
7364fe44-5978-45a9-a231-883ddb41b557,b2c3c0fe-de8b-4139-8e86-01d61dd64d66,8fe3c368-1cbc-11ea-b74e-0242ac130002,"<p>Dabū (dance platform) and temporary shrine, Kāhāḥ Bājā Guthi, view from N (November 2019)</p>
",,/files/uploadedfiles/BUN0003_P_20191112_04.jpg,0,,fb0a44e2-b8f7-11e9-b8a9-0242ac120007
8dbe9290-0ed0-42a5-926e-ad2a5e613fea,b2c3c0fe-de8b-4139-8e86-01d61dd64d66,8fe3c368-1cbc-11ea-b74e-0242ac130002,"<p>Dabū (dance platform) and temporary shrine, Kumāri of Buṅgamatī in front of Buṅgadyaḥ, view from N (November 2019)&nbsp;</p>
",,/files/uploadedfiles/BUN0001_P_20191112_01.JPG,0,,fb0a44e2-b8f7-11e9-b8a9-0242ac120007
81b01954-d85c-4954-bdca-d2b8b4dab47a,b2c3c0fe-de8b-4139-8e86-01d61dd64d66,8fe3c368-1cbc-11ea-b74e-0242ac130002,"<p>Dabū (dance platform) and temporary shrine, devotees performing regular bhajana, view from N (November 2019)</p>
",,/files/uploadedfiles/BUN0003_P_20191112_03.jpg,0,,fb0a44e2-b8f7-11e9-b8a9-0242ac120007
20a81f55-14a8-4c64-9f0f-682f7fff9e9d,c18713a3-866e-4a20-807d-a8c13bdd9867,930f4862-eb68-11e9-8bc4-0242ac130002,"<p>Subāhāḥ Hiti Phalcā, worship, view from E; photo by&nbsp;Niels Gutschow;&nbsp;1993; courtesy of&nbsp;Niels Gutschow; free access &ndash; no reuse</p>
",,/files/uploadedfiles/LAL4009_H_1993_07_JxSNKWm.JPG,0,,fb0a44e2-b8f7-11e9-b8a9-0242ac120007
0e48490e-1180-420e-89e7-16199d34a21b,c18713a3-866e-4a20-807d-a8c13bdd9867,930f4862-eb68-11e9-8bc4-0242ac130002,"<p>Subāhāḥ Hiti Phalcā, worship, view from S; photo by&nbsp;Niels Gutschow;&nbsp;1993; courtesy of&nbsp;Niels Gutschow; free access &ndash; no reuse</p>
",,/files/uploadedfiles/LAL4009_H_1993_04.JPG,0,,fb0a44e2-b8f7-11e9-b8a9-0242ac120007
248ea3f6-0835-447b-8fa7-99ec25fad5c1,a5cf7d63-d7d3-4bd5-8901-2a4f9079c511,958fbc2c-e837-11e9-8bc4-0242ac130002,"<p>Phalcā Maṇḍapa at Pimbahal, view from NW; photo by Rajendra Shakya; 2015-07-31; courtesy of Rajendra Shakya; free access &ndash; no reuse</p>
",,/files/uploadedfiles/LAL4221_P_20150731_03.jpg,0,,fb0a44e2-b8f7-11e9-b8a9-0242ac120007
331499c5-17e9-4cc9-a9ec-31cdd404c05e,a5cf7d63-d7d3-4bd5-8901-2a4f9079c511,958fbc2c-e837-11e9-8bc4-0242ac130002,"<p>Phalcā Maṇḍapa at Pimbahal, view from W; photo by Christiane Brosius; 2018-03-04</p>
",,/files/uploadedfiles/LAL4221_P_20180304_04.jpg,0,,fb0a44e2-b8f7-11e9-b8a9-0242ac120007
3211c65d-df94-4ac3-9195-10446867e840,57df4aec-05cc-4e14-ae64-a34b47a4bf2e,96d763ae-020a-11ea-a389-0242ac130002,"<p>Halĩpatāḥ Phalcā, (2000s, courtesy of Padma Sundar Maharjan)</p>
",,/files/uploadedfiles/SUN4012_H_20100000_02.png,0,,fb0a44e2-b8f7-11e9-b8a9-0242ac120007
2d7a218b-8d48-4b1a-ad74-ee813aee0fd7,57df4aec-05cc-4e14-ae64-a34b47a4bf2e,96d763ae-020a-11ea-a389-0242ac130002,"<p>Halĩpatāḥ Phalcā, in order to conclude the <em>jātrā</em>, the <em>nāyo mahāḥ</em>s and gentlemen&nbsp;sitting in the <em>yaḥsĩṃ</em>&nbsp;Phalcā<em>&nbsp;</em>order that the&nbsp;<em>yaḥsĩ</em>&nbsp;be&nbsp;taken down,&nbsp;view from E (photo by Nutan Sharma, March 2018)</p>
",,/files/uploadedfiles/SUN4012_X_20180331_01.jpg,0,,fb0a44e2-b8f7-11e9-b8a9-0242ac120007
2c17b1bc-1a4b-4f72-be31-a03dcb248641,57df4aec-05cc-4e14-ae64-a34b47a4bf2e,96d763ae-020a-11ea-a389-0242ac130002,"<p>Halĩpatāḥ Phalcā, view from NW, N, E (2000s, courtesy of Padma Sundar Maharjan)</p>
",,/files/uploadedfiles/SUN4012_H_20100000_05.png,0,,fb0a44e2-b8f7-11e9-b8a9-0242ac120007
7da59508-f6cd-47db-a147-15cb4dd2657d,57df4aec-05cc-4e14-ae64-a34b47a4bf2e,96d763ae-020a-11ea-a389-0242ac130002,"<p>Halĩpatāḥ Phalcā, the palanquin of Kumāra, is&nbsp;carried by young men and circumbulates&nbsp;the <em>yaḥsĩ</em>,<em> </em>view from E (photo by Nutan Sharma, March 2018)</p>

<p>&nbsp;</p>
",,/files/uploadedfiles/SUN4012_X_20180401_01.jpg,0,,fb0a44e2-b8f7-11e9-b8a9-0242ac120007
988ad952-296b-46b4-a27d-af0b3af3913f,57df4aec-05cc-4e14-ae64-a34b47a4bf2e,96d763ae-020a-11ea-a389-0242ac130002,"<p><em>Yaḥsĩ </em>is worshipped in front of Halĩpatāḥ Phalcā, Hitiphusa, view from S (photo by Nutan Sharma, March 2018)</p>
",,/files/uploadedfiles/SUN4012_X_20180328_01.jpg,0,,fb0a44e2-b8f7-11e9-b8a9-0242ac120007
aded62c9-ddad-41b0-babe-cc652a92d2ce,57df4aec-05cc-4e14-ae64-a34b47a4bf2e,96d763ae-020a-11ea-a389-0242ac130002,"<p>Halĩpatāḥ Phalcā, the <em>tāukdār</em> worships the <em>yaḥsĩ </em>before it is taken&nbsp;down. After this,&nbsp;the <em>halĩ patāḥ</em>&nbsp;(also called <em>nāga patāḥ</em> or &#39;snake flag&#39;<em>)</em> is unfastened and removed. The <em>yaḥsĩ </em>is then&nbsp;taken down.&nbsp;View from E (photo by Nutan Sharma, March 2018)</p>

<p>&nbsp;</p>
",,/files/uploadedfiles/SUN4012_X_20180331_02.jpg,0,,fb0a44e2-b8f7-11e9-b8a9-0242ac120007
78b82421-17d9-465f-947f-97470d0965e6,57df4aec-05cc-4e14-ae64-a34b47a4bf2e,96d763ae-020a-11ea-a389-0242ac130002,"<p>Halĩpatāḥ Phalcā (2000s, courtesy of Padma Sundar Maharjan)</p>
",,/files/uploadedfiles/SUN4012_H_20100000_04.png,0,,fb0a44e2-b8f7-11e9-b8a9-0242ac120007
24f29e96-e7c0-471c-bd5a-a8c4d19afa1a,57df4aec-05cc-4e14-ae64-a34b47a4bf2e,96d763ae-020a-11ea-a389-0242ac130002,"<p>Halĩpatāḥ Phalcā,&nbsp;image shows the renovation date (in bricks) in 1949 CE, (2000s, courtesy of Padma Sundar Maharjan)</p>
",,/files/uploadedfiles/SUN4012_H_20100000_03.png,0,,fb0a44e2-b8f7-11e9-b8a9-0242ac120007
a5874432-a960-499a-bdf3-39aa1ca9d8d7,57df4aec-05cc-4e14-ae64-a34b47a4bf2e,96d763ae-020a-11ea-a389-0242ac130002,"<p>Halĩpatāḥ Phalcā, view from NW, N, E (2000s, courtesy of&nbsp;Padma Sundar Maharjan)</p>
",,/files/uploadedfiles/SUN4012_H_20100000_06.png,0,,fb0a44e2-b8f7-11e9-b8a9-0242ac120007
01f8c27c-da5d-4329-87a4-a52f31167a7e,8ff313a6-fc93-467e-a621-2c0796e8181d,984b11da-5419-43a3-ad9c-7561a204970f,"<p>Mahālakṣmī Dyaḥchẽ, a statue of Vajra Gaṇeśa is being taking out to place it in the sanctum of its temple; photo by Pankaj Nakarmi;2021-06-17</p>
",,/files/uploadedfiles/BAL0003_P_20210617-01.jpg,0,,fb0a44e2-b8f7-11e9-b8a9-0242ac120007
da26ca63-2895-42e3-a619-84c6214bc231,340f0ead-68fc-48fa-9cf1-4e8bb6450fc8,984b11da-5419-43a3-ad9c-7561a204970f,"<p>Mahālakṣmī Dyaḥchẽ, Maharjana priest performing daily worship; photo by Pankaj Nakarmi;2021-05-01</p>
",,/files/uploadedfiles/BAL0003_P_20210501-01.jpg,0,,fb0a44e2-b8f7-11e9-b8a9-0242ac120007
8fcd112e-05be-45a9-8387-312e7780bda3,48306f25-1dd0-4071-b1bc-be8c9365584a,9fce2e86-16a8-11ea-b9b1-0242ac130002,"<p>Licchavi <em>c</em><em>aitya</em>, occasional ritual performance in Āśvina, view from S (October 2019)</p>
",,/files/uploadedfiles/BUN0026_P_20191013_09.jpg,0,,fb0a44e2-b8f7-11e9-b8a9-0242ac120007
bb578695-16f3-4c0b-a8f1-82054d8c65a3,f4282156-653c-485f-b05b-a83609fe6f74,a0067903-e67a-4795-97b3-1e943372ca47,"<p>Lākhaypāḥ&nbsp;Phalcā,&nbsp;lākhaypāḥ&nbsp;cvanegu&nbsp;tradition taking place&nbsp;in front of the <em>phalcā</em>, view from NW; photo by&nbsp;Christiane&nbsp;Brosius; 2019-12-06</p>
",,/files/uploadedfiles/KIR4072_P_20191206_22.jpg,0,,fb0a44e2-b8f7-11e9-b8a9-0242ac120007
87051eda-dd23-454a-bf74-956f4414fe56,f4282156-653c-485f-b05b-a83609fe6f74,a0067903-e67a-4795-97b3-1e943372ca47,"<p>Lākhaypāḥ&nbsp;Phalcā, religious vessel in front of the phalcā, view from S; photo by&nbsp;Christiane&nbsp;Brosius; 2019-12-06</p>
",,/files/uploadedfiles/KIR4072_P_20191206_24.jpg,0,,fb0a44e2-b8f7-11e9-b8a9-0242ac120007
d058daa6-491b-4b97-98fc-01b2f949bfad,f4282156-653c-485f-b05b-a83609fe6f74,a0067903-e67a-4795-97b3-1e943372ca47,"<p>Lākhaypāḥ&nbsp;Phalcā, religious vessel in front of the phalcā, view from W; photo by&nbsp;Christiane&nbsp;Brosius; 2019-12-06</p>
",,/files/uploadedfiles/KIR4072_P_20191206_21.jpg,0,,fb0a44e2-b8f7-11e9-b8a9-0242ac120007
ac3019e1-3b11-4c5b-9487-8821203cf807,f4282156-653c-485f-b05b-a83609fe6f74,a0067903-e67a-4795-97b3-1e943372ca47,"<p>Lākhaypāḥ&nbsp;Phalcā, religious vessel in front of the phalcā, view from N; photo&nbsp; by&nbsp;Christiane&nbsp;Brosius; 2019-12-06</p>
",,/files/uploadedfiles/KIR4072_P_20191206_23.jpg,0,,fb0a44e2-b8f7-11e9-b8a9-0242ac120007
a162f1b8-806f-49f5-b7fa-e750ac240ed4,b1de2869-2db4-4fec-b9dd-3b7a29a330c0,a4f64b3a-176d-11ea-b9b1-0242ac130002,,,,0,,fb0a44e2-b8f7-11e9-b8a9-0242ac120007
e131232e-cb6e-47ad-8fa9-e1ee97091039,4293c07f-9810-467c-afe2-5a516af2cd7f,a7d6372d-28cc-4130-b01d-060b1a6800e1,"<p>Śobhābhagavatī, <em>bhajana </em>chanting by the members of the Śobhā Bhagavatī Bhajana Maṇḍala&nbsp;in the <em>sattala</em>, view from SW; photo by Yogesh Budathoki; 2021-03-03</p>
",,/files/uploadedfiles/KAT3210_P_20210303_22.jpg,0,,fb0a44e2-b8f7-11e9-b8a9-0242ac120007
125a4ff8-4fa9-4555-9b49-2b9a934c7907,6f94b3d5-9b59-44ba-9222-82a5305b4d98,a7d6372d-28cc-4130-b01d-060b1a6800e1,"<p>Śobhābhagavatī, Vajrācārya priest performing the&nbsp;daily ritual, view from E; photo by Yogesh Budathoki; 2021-03-30</p>
",,/files/uploadedfiles/KAT3210_P_20210330_23.JPG,0,,fb0a44e2-b8f7-11e9-b8a9-0242ac120007
2fca6e23-ab06-41ce-87c9-1ef428a6d6e7,6f94b3d5-9b59-44ba-9222-82a5305b4d98,a7d6372d-28cc-4130-b01d-060b1a6800e1,"<p>Śobhābhagavatī, Vajrācārya priest performing the daily ritual, view from SE; photo by Yogesh Budathoki; 2021-03-30</p>
",,/files/uploadedfiles/KAT3210_P_20210330_24.JPG,0,,fb0a44e2-b8f7-11e9-b8a9-0242ac120007
145f62ac-2338-4f42-8e79-fba0b9c38a91,85ca902b-e45b-452d-9bd0-5b4af7e1acab,a91155c6-e751-11e9-8bc4-0242ac130002,"<p>Jāvalākhela Phalcā 1, Kumārī attending Bhoto Jātra, view from N (June 2019)&nbsp;</p>
",,/files/uploadedfiles/LAL4302_P_20190609_01.jpg,0,,fb0a44e2-b8f7-11e9-b8a9-0242ac120007
cad27bb2-a475-48c9-9db9-82e69a8d7f30,85ca902b-e45b-452d-9bd0-5b4af7e1acab,a91155c6-e751-11e9-8bc4-0242ac130002,"<p>Jāvalākhela Phalcā 1, preparation for Bhoto Jātra, view from N (June 2019)&nbsp;</p>
",,/files/uploadedfiles/LAL4302_P_20190609_02.jpg,0,,fb0a44e2-b8f7-11e9-b8a9-0242ac120007
24c8ab9d-ce8d-41be-bca2-5e2ce0f49fac,85ca902b-e45b-452d-9bd0-5b4af7e1acab,a91155c6-e751-11e9-8bc4-0242ac130002,"<p>Jāvalākhela Phalcā 1, Kumāri being carried to attend Bhoto Jatrā, view from S (June 2019)&nbsp;</p>
",,/files/uploadedfiles/LAL4302_P_20190609_13.jpg,0,,fb0a44e2-b8f7-11e9-b8a9-0242ac120007
e4ea5fd0-736b-4bd4-a9ef-f84d57139e8b,85ca902b-e45b-452d-9bd0-5b4af7e1acab,a91155c6-e751-11e9-8bc4-0242ac130002,"<p>Jāvalākhela Phalcā 1, lighting of butterlamps in the Phalcā, view from N (June 2019)&nbsp;</p>
",,/files/uploadedfiles/LAL4302_P_20190609_08.JPG,0,,fb0a44e2-b8f7-11e9-b8a9-0242ac120007
87f91583-0685-416f-b81f-ac098750f95b,85ca902b-e45b-452d-9bd0-5b4af7e1acab,a91155c6-e751-11e9-8bc4-0242ac130002,"<p>Jāvalākhela Phalcā 1, welcoming of President for Bhoto Jātrā, view from NW (June 2019)&nbsp;</p>
",,/files/uploadedfiles/LAL4302_P_20190609_15.jpg,0,,fb0a44e2-b8f7-11e9-b8a9-0242ac120007
dbb7c603-a822-461f-ba6a-c7df310257d4,85ca902b-e45b-452d-9bd0-5b4af7e1acab,a91155c6-e751-11e9-8bc4-0242ac130002,"<p>Jāvalākhela Phalcā 1, preparation of butterlamps at the phalcāf or Bhoto Jātrā, view from W (June 2019)&nbsp;</p>
",,/files/uploadedfiles/LAL4302_P_20190609_04.jpg,0,,fb0a44e2-b8f7-11e9-b8a9-0242ac120007
c8c93fd1-ddd1-4b01-8e73-16142d1fb432,85ca902b-e45b-452d-9bd0-5b4af7e1acab,a91155c6-e751-11e9-8bc4-0242ac130002,"<p>Jāvalākhela Phalcā 1, rear elevation, view from S&nbsp;(June 2019)&nbsp;</p>
",,/files/uploadedfiles/LAL4302_P_20190609_06.JPG,0,,fb0a44e2-b8f7-11e9-b8a9-0242ac120007
bbf3c50a-9c35-4705-bafb-eee024c78409,85ca902b-e45b-452d-9bd0-5b4af7e1acab,a91155c6-e751-11e9-8bc4-0242ac130002,"<p>Jāvalākhela Phalcā 1, musicians of the Matsyendranāth Mṛdaṅga Bhajana Khalaḥ, view from N (June 2019)&nbsp;</p>
",,/files/uploadedfiles/LAL4302_P_20190609_03.jpg,0,,fb0a44e2-b8f7-11e9-b8a9-0242ac120007
fdb4b7a8-9257-4a79-8c7b-b300698202de,85ca902b-e45b-452d-9bd0-5b4af7e1acab,a91155c6-e751-11e9-8bc4-0242ac130002,"<p>Jāvalākhela Phalcā 1, priest preparing for the Bhoto Jātrā, view from N (June 2019)&nbsp;</p>
",,/files/uploadedfiles/LAL4302_P_20190609_11.jpg,0,,fb0a44e2-b8f7-11e9-b8a9-0242ac120007
1f5b4f08-f7f2-4d34-ae9e-1c312ddb1637,8e7e7d98-7a0f-4b23-a7a3-d9081f47aa9a,ab83bc5c-ec0d-11e9-b125-0242ac130002,"<p>Jāvalākhela Phalcā 2, butter lamps are lit on the mound of rubble of the former Phalcā, view from NW (June 2019)</p>
",,/files/uploadedfiles/LAL4303_P_20190619_02.JPG,0,,fb0a44e2-b8f7-11e9-b8a9-0242ac120007
1527a8e6-70a4-44b8-a149-c67300eb39fd,8e7e7d98-7a0f-4b23-a7a3-d9081f47aa9a,ab83bc5c-ec0d-11e9-b125-0242ac130002,"<p>Jāvalākhela Phalcā 2, butter lamps&nbsp;lit on the mound of rubble of the former Phalcā, view from E (June 2019)</p>
",,/files/uploadedfiles/LAL4303_P_20190619_01.JPG,0,,fb0a44e2-b8f7-11e9-b8a9-0242ac120007
c96aef1b-b484-4783-8aa9-b19a40143954,65a53eaa-7d72-4f82-9478-46b5cd482902,ac64e224-ea6c-11e9-b125-0242ac130002,"<p>Jāvalākhela Phalcā 3, sorting and sharing of donations among <em>panejus</em>&acute; families, view from SW</p>
",,/files/uploadedfiles/LAL4304_P_20190609.JPG,0,,fb0a44e2-b8f7-11e9-b8a9-0242ac120007
03e24066-f76d-4322-b35f-91f09cce0b61,d26b7cd6-737c-4327-86c4-8f233694fb4e,b0d6e090-8be2-4dac-91c6-9931976a73d8,"<p>Viśvakarmā Bāhāḥ, daily ritual, view from N; photo by Yogesh Budathoki; 2021-08-17</p>
",,/files/uploadedfiles/KAT2190_P_20210817_15.jpg,0,,fb0a44e2-b8f7-11e9-b8a9-0242ac120007
2d25a25e-a4d0-4930-8e2f-24ae84f7051c,091b6bb4-3667-447c-8229-f8d226740f0b,b23905f8-e7f2-11e9-8bc4-0242ac130002,"<p>Atāḥ Phalcā, Cyāsal, preparations for the <em>mandala</em> made from items related to harvest at Kartik Purnima, view from S&nbsp;(November 2019)</p>
",,/files/uploadedfiles/LAL4160_P_20191112_02.jpg,0,,fb0a44e2-b8f7-11e9-b8a9-0242ac120007
dd1387d3-3d7e-4129-952c-01c9990c6bf9,091b6bb4-3667-447c-8229-f8d226740f0b,b23905f8-e7f2-11e9-8bc4-0242ac130002,"<p>Atāḥ Phalcā, Cyāsal, preparations for the <em>mandala</em> made from items related to harvest at Kartik Purnima, view from W (November 2019)</p>
",,/files/uploadedfiles/LAL4160_P_20191112_01.jpg,0,,fb0a44e2-b8f7-11e9-b8a9-0242ac120007
8f1f4bb5-e320-4e97-9b8e-268285299459,5d450991-4f54-4b47-8371-31b56fbfbf39,b23905f8-e7f2-11e9-8bc4-0242ac130002,"<p>Atāḥ Phalcā, Cyāsal, celebration of Indrajātrā, view from S (September 2015)</p>

<p>&nbsp;</p>
",,/files/uploadedfiles/LAL4160_P_20150926_01.jpg,0,,fb0a44e2-b8f7-11e9-b8a9-0242ac120007
8fc881fc-b696-4d6d-b774-ded5c21ba22a,091b6bb4-3667-447c-8229-f8d226740f0b,b23905f8-e7f2-11e9-8bc4-0242ac130002,"<p>Atāḥ Phalcā, Cyāsal, preparations for the <em>mandala</em> made from items related to harvest at Kartik Purnima, view from E&nbsp;(November 2019)</p>
",,/files/uploadedfiles/LAL4160_P_20191112_03.jpg,0,,fb0a44e2-b8f7-11e9-b8a9-0242ac120007
b61b4803-043c-4153-bb94-eb14e64b77c3,73b1c627-328d-4867-b84d-7c1b135b2d70,b23905f8-e7f2-11e9-8bc4-0242ac130002,"<p>Atāḥ Phalcā, Cyāsal, agricultural activity, view from S (November 2015)</p>
",,/files/uploadedfiles/LAL4160_P_20151107_01.jpg,0,,fb0a44e2-b8f7-11e9-b8a9-0242ac120007
e04be6b5-6a57-4303-9b38-167f55c2347f,73b1c627-328d-4867-b84d-7c1b135b2d70,b23905f8-e7f2-11e9-8bc4-0242ac130002,"<p>Atāḥ Phalcā, Cyāsal, view from S (March 2017)</p>
",,/files/uploadedfiles/LAL4160_P_20170310_01.jpg,0,,fb0a44e2-b8f7-11e9-b8a9-0242ac120007
fc5ad474-1dc3-4be1-bd41-94cff7194c6f,419f7abb-6434-4e8c-b6e4-2ca2bbcbe5eb,b345df3c-e71d-11e9-b125-0242ac130002,"<p>Thati&nbsp;Sataḥ 3, devotee waiting for Kumārī <em>pujā</em>, view from E; photo by Ashma Adhikari; 2019-06-06</p>
",,/files/uploadedfiles/LAL4108_P_20190606_05.jpg,0,,fb0a44e2-b8f7-11e9-b8a9-0242ac120007
a0c80782-6530-4950-85e7-b0c8cc26d806,419f7abb-6434-4e8c-b6e4-2ca2bbcbe5eb,b345df3c-e71d-11e9-b125-0242ac130002,"<p>Thati&nbsp;Sataḥ 3, rituals being performed on the first floor, view from N; photo by Ashma Adhikari; 2019-06-06</p>
",,/files/uploadedfiles/LAL4108_P_20190606_01.jpg,0,,fb0a44e2-b8f7-11e9-b8a9-0242ac120007
a98bceab-f853-40d8-ab3e-77f8bf2a9026,419f7abb-6434-4e8c-b6e4-2ca2bbcbe5eb,b345df3c-e71d-11e9-b125-0242ac130002,"<p>Thati&nbsp;Sataḥ 3, packing the book for ritual, view from E; photo by Ashma Adhikari; 2019-06-06</p>
",,/files/uploadedfiles/LAL4108_P_20190606_04.jpg,0,,fb0a44e2-b8f7-11e9-b8a9-0242ac120007
6bea7f2c-21d3-40b2-af6d-b6750b03db22,419f7abb-6434-4e8c-b6e4-2ca2bbcbe5eb,b345df3c-e71d-11e9-b125-0242ac130002,"<p>Thati&nbsp;Sataḥ 3, <em>bhajana</em> performed at <em>the </em>Phlacā, view from E; photo by Hrijata Dahal; 2019-06-09</p>
",,/files/uploadedfiles/LAL4108_P_20190609_01.jpg,0,,fb0a44e2-b8f7-11e9-b8a9-0242ac120007
ddab1ea1-ccd8-4686-baf3-3ac931978657,419f7abb-6434-4e8c-b6e4-2ca2bbcbe5eb,b345df3c-e71d-11e9-b125-0242ac130002,"<p>Thati&nbsp;Sataḥ 3, Matsyendranāth chariot next to the Sataḥ and devotees lighting butterlamps, aerial view from NE; photo by Hrijata Dahal; 2019-06-06</p>
",,/files/uploadedfiles/LAL4108_P_20190606_22.jpg,0,,fb0a44e2-b8f7-11e9-b8a9-0242ac120007
c2b4c8e3-ddca-4cfd-86fc-1f82f009cd9f,419f7abb-6434-4e8c-b6e4-2ca2bbcbe5eb,b345df3c-e71d-11e9-b125-0242ac130002,"<p>Thati&nbsp;Sataḥ 3, the Kumārī from Lalitpur seated on her throne, view from NE; photo by Ashma Adhikari; 2019-05-16</p>
",,/files/uploadedfiles/LAL4108_P_20190516_01.jpg,0,,fb0a44e2-b8f7-11e9-b8a9-0242ac120007
e5178081-0226-463a-b766-283aa4181b64,2eab92c3-d3a6-4b2f-828e-b41a3bcef806,b690f84e-94ec-4f89-b376-e7e3fbd55ddd,"<p>Puncali Sataḥ, devotees singing&nbsp;<em>bhajanas in</em> the Phalcā, view from E; photo by Rishi Amatya; 2020-09-17</p>
",,/files/uploadedfiles/LAL4236_P_20200917_08.jpg,0,,fb0a44e2-b8f7-11e9-b8a9-0242ac120007
b0129736-5d9e-4355-931b-cba1d6e6d7f1,e328e541-6640-4f92-93d7-b1f39fcc2513,b717f92c-5e11-11ea-8083-0242ac130006,"<p>Ratneśvara Mahādeva, a Brahmin priest worships the&nbsp;<em>liṅga</em>, view from W; photo by Niels Gutschow; 2009-11-05; courtesy of Niels Gutschow; free access &ndash; no reuse;&nbsp;source: Niels Gutschow,&nbsp;<a href=""http://www.zotero.org/groups/2247442/nhdp-bibliography/search/2011/titleCreatorYear/items/6L2V8DIN/item-list""><em>Architecture of the Newars</em></a>, 2011, vol. I, p. 256</p>
",,/files/uploadedfiles/LAL0800_H_20091105 Gutschow.jpg,0,,fb0a44e2-b8f7-11e9-b8a9-0242ac120007
3a36748b-3086-44f0-9f9d-7023908dcfc2,06390358-7dcd-4f68-84bc-5007d53be181,b7adbd29-8528-4609-9ec5-fb8db9579d4d,"<p>Bichhe Phalcā, view from W; photo anonymous; ca. 2015</p>
","<p>The curtains in the balcony indicate that the <em>phalcā</em> was used as a living space. The photo was likely taken after the 2015 CE earthquake when the Kapali family had moved out.</p>
",/files/uploadedfiles/KAT0941_P_2015 c_01.jpg,0,,fb0a44e2-b8f7-11e9-b8a9-0242ac120007
232a5abe-64e1-4161-bedb-9ca29cab201f,cc401407-ea3a-4bcc-8208-d97a4bf16412,b92b7a0f-0268-43e8-bbe2-d83d39d6e54b,"<p>Chusyā Bāhāḥ, the priest putting <em>tīkā</em> to Akṣobhya&rsquo;s forehead during the daily worship, view from N; photo by Bharat Maharjan; 2020-12-28</p>
",,/files/uploadedfiles/KAT0160-001_P_20201228_02.JPG,0,,fb0a44e2-b8f7-11e9-b8a9-0242ac120007
cd9c0c46-0b2a-4edb-a037-86cedeb46c8a,8dc97183-8c93-4687-9a64-e030ee488118,b92b7a0f-0268-43e8-bbe2-d83d39d6e54b,"<p>Chusyā Bāhāḥ, meditation, view from NE; photo by Bharat Maharjan; 2021-01-02</p>
",,/files/uploadedfiles/KAT0160_P_20210102_01 Maharjan.jpg,0,,fb0a44e2-b8f7-11e9-b8a9-0242ac120007
e86ee612-5eab-4852-ab91-2128d8c5eb21,cdc52d7c-e865-48ab-9df5-901fe9e6ef7c,b92b7a0f-0268-43e8-bbe2-d83d39d6e54b,"<p>Chusyā Bāhāḥ, <em>nhaynumā taygu</em> (cooked food offered by the family of a deceased person in his or her name), view from N; photo by Bharat Maharjan; 2020-12-11</p>
",,/files/uploadedfiles/KAT0160_P_20201211_01 Maharjan.jpg,0,,fb0a44e2-b8f7-11e9-b8a9-0242ac120007
c7def1ce-a16c-47d6-8500-b92c1c6b886e,018f716d-37f4-47c9-b3a4-791f29e984d8,b92b7a0f-0268-43e8-bbe2-d83d39d6e54b,"<p>Chusyā Bāhāḥ, book exhibition, view from NE; photo by Bharat Maharjan; 2017-12-03</p>
",,/files/uploadedfiles/KAT0160_P_20171203_01 Maharjan.JPG,0,,fb0a44e2-b8f7-11e9-b8a9-0242ac120007
6bb91468-bf3a-423b-8cf6-1780bb3e607d,79894f25-a023-4937-92c6-b89e2feed765,baf9c7ea-0782-11ea-b2c1-0242ac130002,"<p>Tāha Phalcā, <em>yaḥsĩ</em> (ceremonial wooden pole) erected in front of the <em>phalcā</em>, view from NE (November 2019)</p>
",,/files/uploadedfiles/SUN4060-001_P_20191104_01.jpg,0,,fb0a44e2-b8f7-11e9-b8a9-0242ac120007
fd3b7ae7-5f18-46cb-8829-4f34a5c45dfd,3c8dae25-6433-49ee-9dc0-284946175504,bbe0fc5e-d632-11e9-a1bd-0242ac140006,"<p>Keśavanārāyaṇa Coka, visiting of Phūdyaḥ (photo by Nutan Dhar Sharma, 5 August 1992)</p>

<p>Source: source: <strong><a href=""https://www.zotero.org/groups/2247442/nhdp-bibliography/items/itemKey/SSJP3PFI/q/Gutschow"" target=""_blank"">Gutschow</a></strong> 2011, 307</p>
",,/files/uploadedfiles/Untitled.jpg,0,,fb0a44e2-b8f7-11e9-b8a9-0242ac120007
1e1050ee-538e-4c3a-9354-cb43ee8b1d0e,b3347de9-bff4-4d6b-b9d0-54a593689bb5,bbf0265a-2f5e-46cf-a7b1-321c77b3d84b,"<p>Ilachen Phalcā 2, notice board on the eastern wall, view from W; photo by Rishi Amatya; 2020-12-29</p>
",,/files/uploadedfiles/LAL4087_P_20201229_12.jpg,0,,fb0a44e2-b8f7-11e9-b8a9-0242ac120007
f0a77120-1410-499f-9bd9-ed24637a728b,26ac1152-765b-40e1-9fb7-e7af9e038e8c,bc3c1b44-e60d-11e9-8bc4-0242ac130002,"<p>Cvalcā Phalcā at Pinchẽ, lamps burning at the phalcā during Buṅgadyaḥ festival, view from E; photo by&nbsp;Hrijata Dahal; 2019-05-10</p>
",,/files/uploadedfiles/LAL4007_P_20190510_05.jpg,0,,fb0a44e2-b8f7-11e9-b8a9-0242ac120007
052c2553-7dad-4327-b6d5-83c766d9487b,26ac1152-765b-40e1-9fb7-e7af9e038e8c,bc3c1b44-e60d-11e9-8bc4-0242ac130002,"<p>Cvalcā Phalcā at Pinchẽ, lamps burning at the <em>phalcā</em> during Buṅgadyaḥ festival, view from W; photo by&nbsp;Hrijata Dahal; 2019-05-10</p>
",,/files/uploadedfiles/LAL4007_P_20190510_04.jpg,0,,fb0a44e2-b8f7-11e9-b8a9-0242ac120007
c69269da-71e2-494c-9222-0c818b7bae31,26ac1152-765b-40e1-9fb7-e7af9e038e8c,bc3c1b44-e60d-11e9-8bc4-0242ac130002,"<p>Cvalcā Phalcā at Pinchẽ, lamps burning at the Phalcā during Buṅgadyaḥ festival, view from W; photo by&nbsp;Hrijata Dahal; 2019-05-10</p>
",,/files/uploadedfiles/LAL4007_P_20190510_01_M62502Q.jpg,0,,fb0a44e2-b8f7-11e9-b8a9-0242ac120007
819227ba-4576-4787-bf80-487669eb9ea5,9864afbe-0eea-40cf-8419-f06ab0cbe59b,bde08b8a-e5ed-11e9-b125-0242ac130002,"<p>Māghe Dāphā Phalcā, covered by sheets to protect&nbsp;<em>bhajan </em>chanters&nbsp;from cold and rain, view from SW; photo by Christiane Brosius;&nbsp;2019-02-16</p>
",,/files/uploadedfiles/LAL4156_P_20190216_01.jpg,0,,fb0a44e2-b8f7-11e9-b8a9-0242ac120007
e77b907b-39f3-4b4f-a346-2c8c13f639d1,9864afbe-0eea-40cf-8419-f06ab0cbe59b,bde08b8a-e5ed-11e9-b125-0242ac130002,"<p>Māghe Dāphā Phalcā,&nbsp;<em>bhajan&nbsp;</em>players in front of the building, view from SW; photo by Christiane Brosius;&nbsp;2019-02-20</p>
",,/files/uploadedfiles/LAL4156_P_20190220_01.jpg,0,,fb0a44e2-b8f7-11e9-b8a9-0242ac120007
9b6a7178-8b1f-4d23-b415-b1e44ec20d70,5ad98182-4bc4-4f55-aaf3-9730a21e5596,be9d31f0-2cb2-40d0-8af9-3df0fcbb0040,"<p>Tashi Thongmon Gumbā, reciting and cleaning of the Tengyur, view from SW;&nbsp;photo by Thomas Schrom; 2021-05-11</p>
",,/files/uploadedfiles/SOL0010_P_20210511_03.JPG,0,,fb0a44e2-b8f7-11e9-b8a9-0242ac120007
0996c694-cd98-43ff-beb6-87aaa6b16aeb,5ad98182-4bc4-4f55-aaf3-9730a21e5596,be9d31f0-2cb2-40d0-8af9-3df0fcbb0040,"<p>Tashi Thongmon Gumbā,&nbsp;cleaning of the Tengyur, view from S;&nbsp;photo by Thomas Schrom; 2021-05-11</p>
",,/files/uploadedfiles/SOL0010_P_20210511_01.JPG,0,,fb0a44e2-b8f7-11e9-b8a9-0242ac120007
28f22590-ea96-45eb-a509-8a73e290dc0a,5ad98182-4bc4-4f55-aaf3-9730a21e5596,be9d31f0-2cb2-40d0-8af9-3df0fcbb0040,"<p>Tashi Thongmon Gumbā,&nbsp;cleaning of the Tengyur, view from SE;&nbsp;photo by Thomas Schrom; 2021-05-11</p>
",,/files/uploadedfiles/SOL0010_P_20210511_02.JPG,0,,fb0a44e2-b8f7-11e9-b8a9-0242ac120007
1f9b964a-67dd-4091-85c7-3d50502ce88d,5ad98182-4bc4-4f55-aaf3-9730a21e5596,be9d31f0-2cb2-40d0-8af9-3df0fcbb0040,"<p>Tashi Thongmon Gumbā, reciting the Tengyur, view from SE;&nbsp;photo by Thomas Schrom; 2021-05-11</p>
",,/files/uploadedfiles/SOL0010_P_20210511_04.JPG,0,,fb0a44e2-b8f7-11e9-b8a9-0242ac120007
b68b2e0b-60bd-4378-b762-57e04ae07658,dd0a7a6f-035f-4a16-8e03-af28f999d552,c0655dd4-e671-11e9-8bc4-0242ac130002,"<p>Kisi Phalcā, inside Kisi Phalcā during Indrajātrā festival; photo by Christiane Brosius;&nbsp;2015-09-26; courtesy of&nbsp;Christiane Brosius;&nbsp;free access &ndash; no reuse</p>
",,/files/uploadedfiles/LAL4158_P_20150926_01.jpg,0,,fb0a44e2-b8f7-11e9-b8a9-0242ac120007
2c0582a6-0e97-4619-afbd-32971655e5de,891fa528-f80c-4d3d-9223-c39bf6865499,c0e068c4-3861-4dda-b854-bf9090b1943b,"<p>Jhatāpvaḥ Phalcā, view from N; photo by Thomas Schrom; 2019-10-11</p>
",,/files/uploadedfiles/LAL4190_P_20191016_TS_kl.jpg,0,,fb0a44e2-b8f7-11e9-b8a9-0242ac120007
8cb9fd64-e173-4380-8d4c-85d7d6bd4805,a750a1e1-e782-4063-8d40-8c372401310d,c72a8936-6822-11ea-8083-0242ac130006,"<p>Seto Gaṇeśa Guṭhī Capāḥchẽ, chanting hymns in the bays, view from E; photo by Yogesh Budathoki; 2020-03-12</p>
",,/files/uploadedfiles/LAL4163_P_20200312_13.jpg,0,,fb0a44e2-b8f7-11e9-b8a9-0242ac120007
3f1414af-0b39-4b55-b4e5-34796dbf2694,cc2659c0-cf77-4063-bded-c3ebfb53c610,c7d1edc3-a3ae-4dea-a8f7-a1642645fd06,"<p>Bhindyaḥ Hiti, information provided in flex board, view from W; photo by Yogesh Budathoki; 2021-02-04</p>
",,/files/uploadedfiles/KAT0930_P_20210204_11_Gtwsyuy.jpg,0,,fb0a44e2-b8f7-11e9-b8a9-0242ac120007
ff9b46ea-78bc-4cb7-8ca8-7c740a9f8f87,cc2659c0-cf77-4063-bded-c3ebfb53c610,c7d1edc3-a3ae-4dea-a8f7-a1642645fd06,"<p>Bhindyaḥ Hiti, information provided in flex board, view from N; photo by Yogesh Budathoki; 2021-02-04</p>
",,/files/uploadedfiles/KAT0930_P_20210204_10_ZC3NTv5.jpg,0,,fb0a44e2-b8f7-11e9-b8a9-0242ac120007
bb89d732-e019-46fb-9848-62eeff085a8d,9dae63a8-c9a9-44a6-859a-a6892eef7d64,c8834722-30f6-11ea-a67f-0242ac130002,"<p>Bhajana Maṇḍala Phalcā, garment shop, view from SE (March 2018)</p>
",,/files/uploadedfiles/LAL4246_P_20180319_03.jpg,0,,fb0a44e2-b8f7-11e9-b8a9-0242ac120007
d64e3b34-8245-4810-bb14-1dd69a9c47bb,67b5845b-3e06-4338-8a66-d9659aedba9b,ca193ec5-9ef4-48dd-b4ba-3158b6996350,"<p>Ārīthāy Phalcā, collecting funds for different jātrās, view from W; photo by Bharat Maharjan; 2005-08-23</p>
",,/files/uploadedfiles/KIR4022_P_20050823_13.JPG,0,,fb0a44e2-b8f7-11e9-b8a9-0242ac120007
9abf2df9-d727-4464-b835-fa0b4370b355,bed5f65d-b096-4fc3-b8d4-dc831d31b835,ca193ec5-9ef4-48dd-b4ba-3158b6996350,"<p>Ārīthāy Phalcā, mannual labours spending the night in the Phalcā, view from W; photo by Bharat Maharjan; 2019-11-26</p>
",,/files/uploadedfiles/KIR4022_P_20191126_19.jpg,0,,fb0a44e2-b8f7-11e9-b8a9-0242ac120007
095eadd9-74d9-41bc-b38f-25938d563d53,38264488-7336-4959-9293-27499b517b02,ca193ec5-9ef4-48dd-b4ba-3158b6996350,"<p>Ārīthāy Phalcā, signature collection campaign, view from SW; photo by Bharat Maharjan; 2020-12-24</p>
",,/files/uploadedfiles/KIR4022_P_20201224_17.jpg,0,,fb0a44e2-b8f7-11e9-b8a9-0242ac120007
d3f99379-ac16-43bb-908c-63b60756e504,525d4f05-0587-4623-ab32-429c30c18c07,ca193ec5-9ef4-48dd-b4ba-3158b6996350,"<p>Ārīthāy Phalcā, <em>gathaṃmugaḥ</em> festival, view from S; photo by Bharat Maharjan; 2010-08-07</p>
",,/files/uploadedfiles/KIR4022_P_20100807_14.JPG,0,,fb0a44e2-b8f7-11e9-b8a9-0242ac120007
c0043a31-3884-440f-83a8-216cb47c8510,38264488-7336-4959-9293-27499b517b02,ca193ec5-9ef4-48dd-b4ba-3158b6996350,"<p>Ārīthāy Phalcā, distributing food to the needy families during COVID-19 pandemic, view from S; photo by Bharat Maharjan; 2020-4-15</p>
",,/files/uploadedfiles/KIR4022_P_20200415_18.jpg,0,,fb0a44e2-b8f7-11e9-b8a9-0242ac120007
274f1767-b7ce-4744-8f24-a2dc5f29e057,525d4f05-0587-4623-ab32-429c30c18c07,ca193ec5-9ef4-48dd-b4ba-3158b6996350,"<p>Ārīthāy Phalcā, <em>gathaṃmugaḥ</em> festival, view from SE; photo by Bharat Maharjan; 2010-08-07</p>
",,/files/uploadedfiles/KIR4022_P_20100807_15.JPG,0,,fb0a44e2-b8f7-11e9-b8a9-0242ac120007
296a9d2c-df04-49dd-9adf-322cdb684d94,525d4f05-0587-4623-ab32-429c30c18c07,ca193ec5-9ef4-48dd-b4ba-3158b6996350,"<p>Ārīthāy Phalcā, <em>gathaṃmugaḥ</em> festival, view from SW; photo by Bharat Maharjan; 2010-08-07</p>
",,/files/uploadedfiles/KIR4022_P_20100807_16.JPG,0,,fb0a44e2-b8f7-11e9-b8a9-0242ac120007
4ac80e0f-c602-4dfb-b491-dc67e37da3e4,460ab60b-e7d3-40f4-b7fa-fee442d0fbc4,ca7dd19e-f7af-11e9-8649-0242ac130002,"<p>Sataḥ at Purohitaghāṭa, a group of ascetics posing in front of a Śiva mandira in the back courtyard while visiting from Haridwar on the occasion of 2020 Śivarātri, view from W (February 2020)</p>
",,/files/uploadedfiles/KAT2731_P_20200217_03.JPG,0,,fb0a44e2-b8f7-11e9-b8a9-0242ac120007
af2bc073-aed5-4ca6-a9cb-81131f8b5925,10c7ec09-c9ed-46a3-a126-d5e7ca6b590f,cc076a1e-4e0a-11ea-8083-0242ac130006,"<p>Bhajana Maṇḍala Phalcā, musicians performing in the first floor room, view from S (March 2020)</p>
",,/files/uploadedfiles/BUN4002_P_20200308_02.JPG,0,,fb0a44e2-b8f7-11e9-b8a9-0242ac120007
264d36b1-36eb-4994-bd7a-aa2d887a76b2,10c7ec09-c9ed-46a3-a126-d5e7ca6b590f,cc076a1e-4e0a-11ea-8083-0242ac130006,"<p>Bhajana Maṇḍala Phalcā, musicians performing in the first floor room, view from S (March 2020)</p>
",,/files/uploadedfiles/BUN4002_P_20200308_01.JPG,0,,fb0a44e2-b8f7-11e9-b8a9-0242ac120007
71b3f697-a9db-4df5-9623-e3d658fa6c21,767dc373-6862-4c04-b0fa-3a715a4a9103,cf2cf2a2-fbb9-11e9-a3c8-0242ac130002,"<p>Nhugu Phalcā at Cyāsal, Nārāyaṇa idol exhibited in the Phalcā during Indrajātrā, view from N; photo by Christiane Brosius; 2015-09-26; courtesy of&nbsp;Christiane Brosius;&nbsp;free access &ndash; no reuse</p>
",,/files/uploadedfiles/LAL4159_P_20150926_02.jpg,0,,fb0a44e2-b8f7-11e9-b8a9-0242ac120007
9af0f84a-c8bd-4ee4-9dcc-0c96538ce502,1292c494-dff3-417a-88f6-77df2c8c03e0,cf2cf2a2-fbb9-11e9-a3c8-0242ac130002,"<p>Nhugu Phalcā at Cyāsal, chair for bride during wedding celebration, view from N; photo by&nbsp;Nutan Dhar Sharma;&nbsp;2018-08-24</p>
",,/files/uploadedfiles/LAL4159_P_20180424_01.jpg,0,,fb0a44e2-b8f7-11e9-b8a9-0242ac120007
b106ec18-b259-43fc-893d-d115cf776752,1292c494-dff3-417a-88f6-77df2c8c03e0,cf2cf2a2-fbb9-11e9-a3c8-0242ac130002,"<p>Nhugu Phalcā at Cyāsal, chair for bride during wedding celebration, view from N; photo by&nbsp;Nutan Dhar Sharma;&nbsp;2018-08-24</p>
",,/files/uploadedfiles/LAL4159_P_20180424_02.jpg,0,,fb0a44e2-b8f7-11e9-b8a9-0242ac120007
18c426d9-210d-4345-b513-acc0c2e251b8,46ed7877-4688-4e98-8e7e-0e6bd3bd54d8,cf2cf2a2-fbb9-11e9-a3c8-0242ac130002,"<p>Nhugu Phalcā at Cyāsal, <em>dāphā bhajana</em> for <em>kartik purnima</em>, view from NE; photo by Christiane Brosius; 2019-11-12</p>
",,/files/uploadedfiles/LAL4159_P_20191112_01.jpg,0,,fb0a44e2-b8f7-11e9-b8a9-0242ac120007
b3f12f9e-61f5-475b-9b1b-70aad9c747bb,07402660-ed45-42b4-b359-0da1e9ce2f56,cf2cf2a2-fbb9-11e9-a3c8-0242ac130002,"<p>Nhugu Phalcā at Cyāsal, photograph of festival preparations; 1980-1989; free access &ndash; no reuse; source: photo from Cyapah community building taken with permission by Christiane Brosius in 2018</p>
",,/files/uploadedfiles/LAL4159_H_20190220_01.jpg,0,,fb0a44e2-b8f7-11e9-b8a9-0242ac120007
3b3e29b6-87fe-4e51-b0a4-ef4d869788a8,3cb5f8d8-d261-4110-a24a-37cb2ebb32e8,cf2cf2a2-fbb9-11e9-a3c8-0242ac130002,"<p>Nhugu Phalcā at Cyāsal, <em>bhajan</em> and bonfire at Śivarātrī, view from N; photo by Christiane Brosius; 2019-03-04</p>
",,/files/uploadedfiles/LAL4159_P_20190304_01.jpg,0,,fb0a44e2-b8f7-11e9-b8a9-0242ac120007
1e8d49ae-1425-47d8-95a5-5cbffe9e0b97,3cb5f8d8-d261-4110-a24a-37cb2ebb32e8,cf2cf2a2-fbb9-11e9-a3c8-0242ac130002,"<p>Nhugu Phalcā at Cyāsal, Svasthānī <em>bhajan</em> performance, view from N; photo by Christiane Brosius; 2019-02-19</p>
",,/files/uploadedfiles/LAL4159_P_20190219.jpg,0,,fb0a44e2-b8f7-11e9-b8a9-0242ac120007
9947ac60-ed3d-4fb0-9fb6-4dbe71c77dec,46ed7877-4688-4e98-8e7e-0e6bd3bd54d8,cf2cf2a2-fbb9-11e9-a3c8-0242ac130002,"<p>Nhugu Phalcā at Cyāsal, <em>dāphā bhajana </em>for<em> kartik purnima</em>, view from NE; photo by Christiane Brosius; 2019-11-12</p>
",,/files/uploadedfiles/LAL4159_P_20191112_03.jpg,0,,fb0a44e2-b8f7-11e9-b8a9-0242ac120007
30178287-ab5e-4f42-95e3-cddc7c978e8b,46ed7877-4688-4e98-8e7e-0e6bd3bd54d8,cf2cf2a2-fbb9-11e9-a3c8-0242ac130002,"<p>Nhugu Phalcā at Cyāsal, <em>dāphā bhajana</em> for<em> kartik purnima</em>, view from NE; photo by Christiane Brosius; 2019-11-12</p>
",,/files/uploadedfiles/LAL4159_P_20191112_02.jpg,0,,fb0a44e2-b8f7-11e9-b8a9-0242ac120007
65eccda0-8ae7-47aa-89c7-a2b04e786086,09189742-1e3f-4f72-8543-421252ebf73b,cf39fef8-b9bb-4b7d-a27d-48b4b3750d7a,"<p>Ituṃ Bāhāḥ, ritual food placed in front of Caturvyuhacaitya, view from N; photo by Bharat Maharjan; 2021-02-02</p>
","<p>Ritual food (<em>piṇḍa) </em>is placed in front of Caturvyuhacaitya (KAT1220-013)</p>
",/files/uploadedfiles/KAT1220_P_20210202_01.jpg,0,,fb0a44e2-b8f7-11e9-b8a9-0242ac120007
ccf06f91-380a-42fb-b312-8cc87ca93eaf,460e9922-060b-4e45-ad14-dd41d221cd21,d024e070-e7f5-11e9-b125-0242ac130002,"<p>Hakha Bāhāḥ, Kumārī and her mother in the reception room, view from E; photo by Thomas Schrom; 2019-06-09&nbsp;</p>

<p>&nbsp;</p>
",,/files/uploadedfiles/LAL0390_P_20190609_02.JPG,0,,fb0a44e2-b8f7-11e9-b8a9-0242ac120007
f13e8f41-e7b1-46a5-81eb-c3ccf9b6d1d3,460e9922-060b-4e45-ad14-dd41d221cd21,d024e070-e7f5-11e9-b125-0242ac130002,"<p>Hakha Bāhāḥ, &nbsp;Kumārī&#39;s reception room, view from E; photo by Thomas Schrom; 2019-06-09</p>
",,/files/uploadedfiles/LAL0390_P_20190609_03.JPG,0,,fb0a44e2-b8f7-11e9-b8a9-0242ac120007
9cb1a536-500e-48df-ab65-20da70edb80a,460e9922-060b-4e45-ad14-dd41d221cd21,d024e070-e7f5-11e9-b125-0242ac130002,"<p>Hakha Bāhāḥ,&nbsp;Kumārī&#39;s reception room, view from E; photo by Thomas Schrom; 2019-06-09</p>
",,/files/uploadedfiles/LAL0390_P_20190609_04.JPG,0,,fb0a44e2-b8f7-11e9-b8a9-0242ac120007
321702e5-d5c0-45de-adfe-e0cba2bea0fd,460e9922-060b-4e45-ad14-dd41d221cd21,d024e070-e7f5-11e9-b125-0242ac130002,"<p>Hakha Bāhāḥ, Kumārī and her mother in the reception room, view from E; photo by Thomas Schrom; 2019-06-09</p>
",,/files/uploadedfiles/LAL0390_P_201906209_01.JPG,0,,fb0a44e2-b8f7-11e9-b8a9-0242ac120007
76ad33a8-e414-43f6-b192-30cdd70b60aa,0aa3e59a-fbb5-4e2e-82a7-06d54bbd7287,dc5306f4-f571-11e9-8649-0242ac130002,"<p>Dāphā Bhajana Phalcā at Dupāt, locals performing <em>bhajan</em>, view from E; photo by Alina Maharjan; 2016-08-08; courtesy of Alina Maharjan; free access &ndash; no reuse</p>
",,/files/uploadedfiles/LAL4075_P_20160808_01.jpg,0,,fb0a44e2-b8f7-11e9-b8a9-0242ac120007
0c9731e1-b081-4c48-894f-3c1c0793da2f,0aa3e59a-fbb5-4e2e-82a7-06d54bbd7287,dc5306f4-f571-11e9-8649-0242ac130002,"<p>Dāphā Bhajana Phalcā at Dupāt, mask of Bhairava carried to its installation place in Dāphā Bhajana Phalcā during Buṅgadyaḥ procession,&nbsp;view from E; photo by Hrijata Dahal; 2019-05-10</p>
",,/files/uploadedfiles/LAL4075_P_20190510_04.jpg,0,,fb0a44e2-b8f7-11e9-b8a9-0242ac120007
0ade5eff-2168-404b-bd88-57681654af0e,0aa3e59a-fbb5-4e2e-82a7-06d54bbd7287,dc5306f4-f571-11e9-8649-0242ac130002,"<p>Dāphā Bhajana Phalcā at Dupāt, Bhairava mask installed in Dāphā Bhajana Phalcā during Buṅgadyaḥ procession,&nbsp;<br />
view from S; photo by Hrijata Dahal; 2019-05-10</p>
",,/files/uploadedfiles/LAL4075_P_20190510_06.jpg,0,,fb0a44e2-b8f7-11e9-b8a9-0242ac120007
94a0096c-536d-454e-a34b-6786718d80f4,0aa3e59a-fbb5-4e2e-82a7-06d54bbd7287,dc5306f4-f571-11e9-8649-0242ac130002,"<p>Dāphā Bhajana Phalcā at Dupāt, Bhairava mask displayed at this Phalcā during the Buṅgadyaḥ procession in 2019,&nbsp;<br />
view from E; photo by Hrijata Dahal; 2019-05-10</p>
",,/files/uploadedfiles/LAL4075_P_20190510_02.jpg,0,,fb0a44e2-b8f7-11e9-b8a9-0242ac120007
0157b2da-3602-4900-80d5-c7f104057c0b,0aa3e59a-fbb5-4e2e-82a7-06d54bbd7287,dc5306f4-f571-11e9-8649-0242ac130002,"<p>Dāphā Bhajana Phalcā at Dupāt, man drinking from mask of Bhairava displayed at this Phalcā during Indrajātrā festival,&nbsp;<br />
view from NE; photo by Shailesh Maharjan; 2015-08-11; courtesy of&nbsp;Shailesh Maharjan; free access &ndash; no reuse; source:&nbsp;<strong> </strong>Alina <a href=""https://www.zotero.org/groups/2247442/nhdp-bibliography/search/alina/titleCreatorYear/items/RR4D39XW/item-list"" target=""_blank""><strong>Maharjan</strong></a>, <em>Yala Dupāḥtvāḥyā Sanāḥ Guthi</em>, 2016, 54</p>
",,/files/uploadedfiles/LAL4075_P_20150811_01.jpg,0,,fb0a44e2-b8f7-11e9-b8a9-0242ac120007
11e44f26-9338-4edb-b9dd-2dadcb5db65a,5a3b1624-6add-48ee-b70f-746e9c950994,df0f0bae-e699-11e9-8bc4-0242ac130002,"<p>Haugaḥ Phalcā at Haugaḥ, view from W (photo by Christiane Brosius 2018-03-09)</p>

<p>&nbsp;</p>
","<p>Bhajan Performance during <em>asthami</em>.</p>
",/files/uploadedfiles/LAL4121_P_20180309_01_x11PS0g.jpg,0,,fb0a44e2-b8f7-11e9-b8a9-0242ac120007
0e155dcb-6f79-4bf5-bbf3-15ce558c11f6,5a3b1624-6add-48ee-b70f-746e9c950994,df0f0bae-e699-11e9-8bc4-0242ac130002,"<p>Haugaḥ Phalcā at Haugaḥ, close up,&nbsp;view from W (photo by Christiane Brosius 2018-03-09)</p>

<p>&nbsp;</p>
","<p>Bhajan Performance during <em>asthami</em>.</p>
",/files/uploadedfiles/LAL4121_P_20180309_02_wbJEv9c.jpg,0,,fb0a44e2-b8f7-11e9-b8a9-0242ac120007
63e11f48-dab8-4922-b6fc-0d6d7fcecf45,5a3b1624-6add-48ee-b70f-746e9c950994,df0f0bae-e699-11e9-8bc4-0242ac130002,"<p>Haugaḥ Phalcā at Haugaḥ, view from W (photo by Christiane Brosius, 2018-03-06)</p>

<p>&nbsp;</p>
","<p>Vegetable vendors in the early morning, 7:40am</p>
",/files/uploadedfiles/LAL4121_P_20180306_01_A2r8dvh.jpg,0,,fb0a44e2-b8f7-11e9-b8a9-0242ac120007
f52118bf-9859-4817-88ef-024b1192e1a2,8c6e2525-d853-4ffb-bccf-a5bbc11f0c1b,e20b2c0e-e741-11e9-8bc4-0242ac130002,"<p>Khapiṁchẽ Phalcā, social life in the courtyard, view from NE; photo by Christiane Brosius; 2019-02-18</p>
",,/files/uploadedfiles/LAL4131_P_20190218_07.jpg,0,,fb0a44e2-b8f7-11e9-b8a9-0242ac120007
740c2ed8-bc00-4224-b712-364aa1de707c,8c6e2525-d853-4ffb-bccf-a5bbc11f0c1b,e20b2c0e-e741-11e9-8bc4-0242ac130002,"<p>Khapiṁchẽ Phalcā, social life in the courtyard, view from SE; photo by Christiane Brosius; 2019-02-18</p>
",,/files/uploadedfiles/LAL4131_P_20190218_06.jpg,0,,fb0a44e2-b8f7-11e9-b8a9-0242ac120007
e15b936f-c6e4-42fd-908f-5e1c8e23fef7,c263e5b7-39ec-48a5-b906-0734e8a6c559,e499ec9a-e66e-11e9-8bc4-0242ac130002,"<p>Nāmasaṅgīti Phalcā, Bhajana on Tuesday after full moon (1 gate <em>samkranti</em>), 7 am; photo by Christiane Brosius;&nbsp;2019-12-17</p>
",,/files/uploadedfiles/LAL4006_P_20191217_2_CB_kl.jpg,0,,fb0a44e2-b8f7-11e9-b8a9-0242ac120007
33b72661-44b5-481e-8570-ebb14ab47566,c263e5b7-39ec-48a5-b906-0734e8a6c559,e499ec9a-e66e-11e9-8bc4-0242ac130002,"<p>Nāmasaṅgīti Phalcā, Pinchhen, <em>bhajana</em> performance; photo by Christiane Brosius;&nbsp;2019-12-17</p>
",,/files/uploadedfiles/LAL4006_P_20191217_CB_kl.jpg,0,,fb0a44e2-b8f7-11e9-b8a9-0242ac120007
bea9bf42-4c94-4b26-a728-05d582ee9cf2,a2efa3f4-80a9-4f9a-9a2e-a5e198637b37,e610f418-4d5e-11ea-8083-0242ac130006,"<p>Tāhā Phalcā, <em>bhajana </em>chanting during&nbsp;Kārttika Bhajana Melā,&nbsp;view from S (November&nbsp;2019)&nbsp;</p>
",,/files/uploadedfiles/DSC_0387.JPG,0,,fb0a44e2-b8f7-11e9-b8a9-0242ac120007
de66e64a-9bda-440a-881a-0033a9e5ea92,df781f2f-cc03-473e-abff-307292cf331c,e6c73144-fadc-11e9-8649-0242ac130002,"<p>Lũchẽ Nani Phalcā, <em>bhajana</em> performance, pre-earthquake with lattice walls between pillars, view from N (photo by Christiane Brosius, January 2015)</p>",,/files/uploadedfiles/LAL4100_P_20150124_02.jpg,0,,fb0a44e2-b8f7-11e9-b8a9-0242ac120007
3cd5ceae-cba1-4670-84dc-f7a00981bf95,df781f2f-cc03-473e-abff-307292cf331c,e6c73144-fadc-11e9-8649-0242ac130002,"<p>Lũchẽ Nani Phalcā, performances relocated&nbsp;from the Lũchẽ Nani Phalcā to the monastic building&nbsp;next door for security reasons. Meanwhile, the instruments that also used to be stored on the first floor of the Phalcā&nbsp;were moved to a room on the ground floor of the Bāhāḥ, view from SE&nbsp;(photo by Christiane Brosius, March 2017)</p>",,/files/uploadedfiles/LAL4100_P_20170302_01.jpg,0,,fb0a44e2-b8f7-11e9-b8a9-0242ac120007
880ab56b-a721-4b78-bbf8-96453ee904b0,279669dc-2377-4daf-8ef7-a11d39c49d5d,e6c73144-fadc-11e9-8649-0242ac130002,"<p>Lũchẽ Nani Phalcā, foundation laying ceremony (photo by Padma Maharjan, October 2016)</p>","<p>Source: S. Maharjan. The making of Lu&ntilde;chh&eacute;&ntilde; Nani Falchā at Jyābābahi, Chābāhāl, 2016 (unpublished report), p. 21</p>",/files/uploadedfiles/LAL4100_P_20161021_01.png,0,,fb0a44e2-b8f7-11e9-b8a9-0242ac120007
be414a89-ff88-44af-9664-84a8e9b3003a,279669dc-2377-4daf-8ef7-a11d39c49d5d,e6c73144-fadc-11e9-8649-0242ac130002,"<p>Lũchẽ Nani Phalcā, foundation laying ceremony (photo by Sanjeep Maharjan, October 2016)</p>","<p>Source: S. Maharjan. The making of Lu&ntilde;chh&eacute;&ntilde; Nani Falchā at Jyābābahi, Chābāhāl, 2016 (unpublished report), p. 28</p>",/files/uploadedfiles/LAL4100_P_20161021_04.jpg,0,,fb0a44e2-b8f7-11e9-b8a9-0242ac120007
4ccc1194-2af3-4b00-902c-4db2f8f3e48e,279669dc-2377-4daf-8ef7-a11d39c49d5d,e6c73144-fadc-11e9-8649-0242ac130002,"<p>Lũchẽ Nani Phalcā, foundation laying ceremony (photo by Padma Maharjan, October 2016)</p>","<p>Source: S. Maharjan. The making of Lu&ntilde;chh&eacute;&ntilde; Nani Falchā at Jyābābahi, Chābāhāl, 2016 (unpublished report), p. 22</p>",/files/uploadedfiles/LAL4100_P_20161021_02.png,0,,fb0a44e2-b8f7-11e9-b8a9-0242ac120007
43156d87-6af6-4c29-b3fb-c65df9102dc3,279669dc-2377-4daf-8ef7-a11d39c49d5d,e6c73144-fadc-11e9-8649-0242ac130002,"<p>Lũchẽ Nani Phalcā, foundation laying ceremony (photo by Sanjeep Maharjan, October 2016)</p>","<p>Source: S. Maharjan. The making of Lu&ntilde;chh&eacute;&ntilde; Nani Falchā at Jyābābahi, Chābāhāl, 2016 (unpublished report), p. 24</p>",/files/uploadedfiles/LAL4100_P_20161021_03.png,0,,fb0a44e2-b8f7-11e9-b8a9-0242ac120007
0012622d-d4e7-44b9-98d0-cb4589be7131,2789030c-3b20-4f44-97ef-88db8d92f6b7,eb54e4f6-e4e6-11e9-b125-0242ac130002,"<p>Guitaḥ Phalcā 2, <em>bhajana </em>chanting in the early morning (7 am) of the 1st day of the month Pauṣa, view from NE (December 2019)</p>

<p>&nbsp;</p>
",,/files/uploadedfiles/LAL4002_P_20191217_01.jpg,0,,fb0a44e2-b8f7-11e9-b8a9-0242ac120007
5a8e70b0-e281-43b2-b324-e520db457fb1,c0ff85e6-fc1c-4182-abe5-418a7f2e5543,ec58b581-a7d0-4a3c-a45d-a7a83107b3d1,"<p>Kāḥsī Tulasī Devala, Harihara statue during the special worship, view from E; photo by Bharat Maharjan; 2020-00-00</p>
",,/files/uploadedfiles/KIR0027_P_20200000_13.jpeg,0,,fb0a44e2-b8f7-11e9-b8a9-0242ac120007
3cdeeb9d-c10f-4ad6-b6c7-3d9b9b891f4d,8e357f64-11ea-4287-97c6-220bb679d1a0,f7773bd2-1f14-4d59-890c-52b8d6bee5ae,"<p>Saugaḥ Phalcā - 4, weekly bhajana inside the Phalcā, view from N; photo by Bharat Maharjan; 2019-10</p>
",,/files/uploadedfiles/LAL4033_P_20200908_06.JPG,0,,fb0a44e2-b8f7-11e9-b8a9-0242ac120007
4eafd6de-3470-4e8e-a067-208686a34538,c0655f05-9d92-41f5-83d5-fd02a17c64db,f96c7cf2-e923-11e9-b125-0242ac130002,"<p>Gajendramokṣa Nārāyaṇa Mandira,&nbsp;ceremony for&nbsp;installation of the newly made image of&nbsp;Nārāyaṇa; photo by Yogendra Maharjan; 1998;&nbsp;courtesy of&nbsp;Yogendra Maharjan; free access &ndash; no reuse</p>
",,/files/uploadedfiles/LAL1720_H_20130423_02_MxyRvNz.jpg,0,,fb0a44e2-b8f7-11e9-b8a9-0242ac120007
378286c1-a1e0-4473-a4c6-c83a1ef9eb96,c0655f05-9d92-41f5-83d5-fd02a17c64db,f96c7cf2-e923-11e9-b125-0242ac130002,"<p>Gajendramokṣa Nārāyaṇa Mandira, ceremony for&nbsp;installation of the newly made image of&nbsp;Nārāyaṇa; photo by Yogendra Maharjan; 1998;&nbsp;courtesy of&nbsp;Yogendra Maharjan; free access &ndash; no reuse</p>
",,/files/uploadedfiles/LAL1720_H_20130423_01_P4mopki.jpg,0,,fb0a44e2-b8f7-11e9-b8a9-0242ac120007
5d7041dc-6045-41a3-9af2-877d7b26291d,c0655f05-9d92-41f5-83d5-fd02a17c64db,f96c7cf2-e923-11e9-b125-0242ac130002,"<p>Gajendramokṣa Nārāyaṇa Mandira, transport of the newly made statue of&nbsp;Nārāyaṇa to the temple; photo by Yogendra Maharjan; 1998;&nbsp;courtesy of&nbsp;Yogendra Maharjan; free access &ndash; no reuse</p>
",,/files/uploadedfiles/LAL1720_H_20130422_JSDTEmA.jpg,0,,fb0a44e2-b8f7-11e9-b8a9-0242ac120007
